"20 (dr. gero)",1,7,17,-1.36976446186311,232,603,1,-0.316817516557512
"2ban-tan",2,3,29,-4.87192817557299,808,1243,1,-0.283185689416731
"2k",3,2,26,-3.89494452970425,145,776,1,-0.17542304620302
"45 flonne",4,0,1,-3.50386004975293,0,811,0,-0.015135456722086
"009",5,8,20,-1.88636211181089,385,111,1,-0.340661790634985
"95",6,1,36,-4.561388846575,739,210,0,-0.0295322062464807
"95 no danna",7,1,18,-4.07811850971841,1175,523,1,-0.0908721618513389
"98",8,6,22,-3.0363477407824,250,895,1,-0.238008764765709
"98se",9,4,20,-2.52215820063485,1148,1169,1,-0.153548538515087
"a.b.a",10,4,26,-3.02800479712462,153,80,1,-0.206979599668869
"abui",11,4,25,-2.93642850142519,385,1244,1,-0.260854686672243
"abyss",12,5,2,5.91214937120266,1102,1203,1,-1.01928966548844
"achi cirno",13,12,1,4.5110715282414,894,66,0,-0.0451213106027074
"adon",14,15,16,-0.815370850362013,936,1166,1,-0.433374329889764
"aeris ;or if you prefer, use aerith",15,7,9,-0.969913601073965,1263,652,1,-0.329463933626099
"agito_of_the_dark",16,0,15,-5.32024141209364,0,111,0,-0.0243866838990659
"agony",17,27,11,1.95912666447091,888,790,1,-0.293898900266444
"airman",18,13,18,-1.18386338071232,1023,54,1,-0.325215514349032
"akane satomura",19,3,18,-2.64147825020051,677,1005,1,-0.171423424879449
"akiha",20,18,15,1.06380619349398,961,40,1,-0.426697472838413
"aku-amakusa",21,20,8,2.1377982422909,382,328,1,-0.217589038647041
"akuma",22,22,11,1.39565121022904,141,893,1,-0.184499477117327
"alessi",23,7,21,-2.37143600608963,265,246,1,-0.353124182127331
"alex",24,19,2,3.28117475476124,1218,1058,1,-0.0928587888177246
"alex mercer",25,28,12,1.35620467376821,646,265,1,-0.316167806690744
"alice",26,6,28,-3.72735644991277,625,1123,1,-0.224109707832935
"alice margatroid",27,5,13,-1.97288876936496,1008,463,1,-0.294824423880186
"alien queen",28,28,6,2.79379885371705,161,270,1,-0.32169656591665
"alter amiba",29,57,10,3.1858567579547,368,1186,1,-0.199623317985933
"alucard",30,4,27,-3.62467982884849,93,726,1,-0.0891630777298255
"ami",31,13,10,-0.280302129547839,126,286,1,-0.295535691565296
"amiba",32,1,21,-4.24291815863198,147,526,1,-0.0916457142618765
"ami bf",33,14,13,-1.01976759729454,1100,771,1,-0.447640942690041
"amingo",34,7,16,-1.18757052626131,39,207,1,-0.158984168335238
"amy",35,1,27,-5.24948167448804,210,365,1,-0.110474933255053
"anakaris",36,31,8,2.47241828952775,720,854,1,-0.438917468369954
"andore jr",37,23,13,0.806136334411299,716,1322,1,-0.26453970491973
"android 16",38,33,15,1.63618657292031,1398,76,1,-0.291334593522733
"android 17",39,14,23,-1.09091666389011,1114,1188,1,-0.208899873244907
"android 18",40,31,66,-2.0544156242427,410,421,1,-0.430568751204064
"androide 17",41,4,1,2.07069046619215,328,1073,1,-0.184927713408377
"androide 18",42,5,6,-0.0380194383054266,1037,308,1,-0.295733453394641
"andromeda",43,13,23,-1.41176823452282,1288,569,1,-0.380250274122553
"andy_xiii",44,9,11,-0.713439723062269,906,1237,1,-0.174611097354979
"angel ryu",45,4,18,-2.96151634288658,1054,1020,1,-0.514965072266835
"angus",46,46,8,3.19145094095149,1101,813,1,-0.104571113875951
"anji",47,5,16,-3.38147638145716,1055,864,1,-0.153836521590012
"anna",48,7,21,-2.31558791185191,783,1083,1,-0.267766242924534
"annie murakami",49,20,9,1.90474022285901,532,204,1,-0.301405343103972
"another iori",50,4,25,-2.81135452099286,991,1083,1,-0.159281185598596
"another jissou seki",51,3,26,-4.20032868504607,265,805,1,-0.25974468909909
"another kyo",52,19,12,0.383823412154357,222,1257,1,-0.225185845820993
"antman",53,1,11,-3.75808428210942,353,1287,1,-0.268218068383522
"aoi-ko",54,10,32,-2.12809326377739,1368,145,1,-0.304944561598739
"aoko",55,24,5,2.84899397821031,1362,1112,1,-0.196012843073739
"aoshi",56,20,13,1.15307403795725,995,270,1,-0.267055769250137
"apocalypse",57,29,6,3.87941063475498,195,1288,1,-0.383763625202617
"aquaman",58,9,17,-1.46498438597892,167,769,1,-0.284485651087037
"aracne de tarantula",59,21,4,2.11706137648863,676,459,1,-0.156128315495012
"araki runa",60,8,24,-2.21258841662995,561,806,1,-0.279842237821746
"archangel",61,23,11,0.838997328353699,1347,125,1,-0.256402757364451
"archer",62,13,7,1.31897210726803,913,265,1,-0.315301344522236
"archetype:earth",63,9,20,-1.68166582751032,1257,625,1,-0.34865705739645
"arcueid",64,25,6,2.74674369080466,465,328,1,-0.209593791590489
"armored gohan",65,26,6,2.57331067058044,291,1239,1,-0.196007137663806
"arrange_ayu",66,12,0,6.62149175734785,1182,0,0,-0.0304639389298842
"arrange_kano",67,1,0,2.83304614747185,1167,0,0,-0.0125020724967934
"arrange_mishio",68,18,0,5.57360576907444,672,0,0,-0.0258075972149868
"arrange_misuzu",69,17,2,4.83685706116645,83,981,1,-0.124545577221866
"arrange_remilia",70,11,1,4.71118637018853,678,993,0,-0.0732896651901541
"arrange_shiori",71,17,0,5.46238221870332,1012,0,0,-0.026840679219082
"arrange_unknown",72,17,0,5.2269255718525,1089,0,0,-0.02506294899136
"arthas",73,9,1,4.19144146801353,1109,664,0,-0.0695209227920877
"arthur",74,11,19,-0.954417092635768,200,39,1,-0.290974413039303
"asahina mikuru",75,2,16,-4.05249560966356,1232,950,1,-0.175665412631586
"ash",76,104,113,-0.173518705879685,325,298,1,-0.284168456662515
"astaroth",77,11,5,1.55863430255568,222,1304,1,-0.0910087417825021
"astroboy",78,11,24,-0.947814860979516,366,654,1,-0.288338768237638
"asuta-san",79,1,28,-4.55921932676033,1394,1122,1,-0.172569520128201
"athena",80,9,43,-2.84830844684742,1312,846,1,-0.214918738558759
"athena asamiya",81,12,4,1.84110084861537,649,134,1,-0.274277327518937
"atusi",82,6,14,-1.52674106873736,828,1384,1,-0.302956256699046
"aura",83,13,2,4.33815918297523,890,69,1,-0.126407363545094
"avdol ver 2001/01/30 by camrat",84,14,18,0.166656108663973,429,148,1,-0.225672993292044
"axl",85,10,30,-2.79783606495691,921,1165,1,-0.260804500893232
"ayu tsukimiya",86,15,2,2.7371956926626,1048,1284,1,-0.194250503715342
"babidi",87,0,27,-5.94737079449888,0,702,0,-0.027905984043914
"baby bonnie hood",88,22,5,3.15978745187008,597,1258,1,-0.21351337044147
"baby commando",89,14,14,0.374054291574921,1008,153,1,-0.287875953745758
"back beard",90,3,23,-3.94199470076057,471,301,1,-0.270213193921494
"baiken",91,1,28,-4.79592713531779,1310,30,0,-0.055958088444178
"baitang",92,6,6,-0.653590322559568,76,131,1,-0.318916066273112
"baldhead",93,2,27,-4.63313312018459,430,30,1,-0.0870694824275033
"balrog",94,9,32,-2.75547171971823,353,680,1,-0.249027087260669
"bane",95,22,13,0.888341778331304,982,227,1,-0.202473012952254
"banshee",96,7,17,-1.22333715361025,303,471,1,-0.179386615194914
"bardock",97,0,2,-4.61157461072322,0,1188,0,-0.020299462442166
"barney",98,28,1,5.74757718847404,1200,953,0,-0.0711384553669949
"bart",99,1,0,1.82835241931964,1096,0,0,-0.00852990989510274
"basara",100,18,16,0.102450941659992,722,870,1,-0.391317591632498
"bass",101,11,10,0.7800328289852,1007,627,1,-0.225356596445955
"bastion",102,0,2,-4.62914660710576,0,460,0,-0.0196069300332592
"batgirl",103,7,24,-1.73213759395475,602,640,1,-0.218470459229748
"batman",104,21,10,1.59182233694516,1117,177,1,-0.283616144344951
"batman beyond",105,17,13,1.45040806114352,801,143,1,-0.471231433253542
"battlemage_[dnf]",106,0,2,-2.92774491895937,0,61,0,-0.0128344632832814
"battle mahoro",107,16,11,-0.183072361780796,1008,905,1,-0.297519843202008
"battousai",108,27,7,1.59809603566364,948,716,1,-0.166267872952741
"beast",109,31,31,0.537120543893918,280,426,1,-0.349775618209798
"beavis",110,3,16,-3.31470212609515,625,853,1,-0.174717745355087
"bebi vegeta",111,3,21,-3.21443838328098,5,50,1,-0.186579363129729
"bebi vegeta form 1",112,2,5,-1.22220537459214,1384,819,1,-0.282331411570715
"bender",113,0,1,-2.56109824608311,0,134,0,-0.0116981770119433
"benimaru",114,14,7,1.20093912240062,36,1245,1,-0.371355564384783
"benimaru_xiii",115,4,7,-1.44470867605292,1070,1237,1,-0.209527857842079
"berserk",116,27,1,4.95031120209098,475,967,0,-0.0350518058693395
"big chicken",117,6,17,-1.88584926266846,202,481,1,-0.164064613239849
"billy lee",118,26,1,3.8747880186086,676,781,1,-0.0681499210937607
"billy_xiii",119,1,11,-2.99215123466671,828,1232,1,-0.26602666771054
"bin laden",120,10,0,3.98906755870532,723,0,0,-0.0182511474243146
"biohazard",121,2,0,3.72381745894806,1137,0,0,-0.0178111539780281
"bishamon",122,8,21,-1.678970235858,131,435,1,-0.187585845468621
"bishop",123,24,8,2.35077013859058,1337,1008,1,-0.264032875185965
"bison",124,18,13,0.628177698421801,346,492,1,-0.518469479162329
"bizarro",125,11,13,-0.450295558333381,1258,40,1,-0.294914943531429
"black adam",126,15,16,0.664750313654139,1191,265,1,-0.28315495227828
"blackheart",127,28,3,3.50565538264027,781,1075,1,-0.142866677724822
"black manta",128,1,28,-5.48728120463335,618,727,0,-0.0564100040638372
"black mask",129,18,15,0.469713532287231,359,471,1,-0.409188074220704
"black polnareff",130,4,22,-2.18897660689373,152,435,1,-0.163912234300727
"black ranger",131,11,16,-0.821048158280441,92,122,1,-0.241233895749102
"black.t",132,0,16,-6.09594660186434,0,581,0,-0.0274471539841014
"black tiger",133,31,3,3.94680539518149,1012,1058,1,-0.0907230118123313
"black widow",134,24,9,1.86344053099634,81,188,1,-0.193862195116357
"blanka",135,9,21,-2.18881398284613,1157,192,1,-0.205898576739643
"blaster",136,1,34,-4.61903014660174,927,263,1,-0.120834173678962
"blaze agent",137,33,7,3.00226649775104,1074,1242,1,-0.128179997476288
"blaziken",138,7,13,-1.26434555521279,706,477,1,-0.21891924057364
"blob",139,1,45,-5.36401262979671,457,472,0,-0.0381178502493082
"blockhead",140,12,19,-1.21830585337051,179,463,1,-0.315000544236245
"blodia",141,21,11,1.14265342078404,1008,1211,1,-0.245940272085132
"bloodrayne",142,9,6,0.465614901257519,1302,432,1,-0.272327017130856
"blossom",143,17,13,-0.326299963537624,105,1029,1,-0.450858548372024
"blue destiny 2",144,19,11,1.07092434726968,325,820,1,-0.31556987978179
"blue ranger",145,14,41,-2.51812201243922,425,510,1,-0.523037828642035
"b. magic girl",146,1,22,-3.16610086918349,153,947,1,-0.14094028867029
"bojack",147,3,24,-4.12999387197313,523,32,1,-0.175588301164587
"bomber man",148,12,16,0.252286496668681,1023,315,1,-0.351975091742459
"boo",149,6,32,-3.04338282650659,275,244,1,-0.222958561981152
"boo ssj",150,21,6,2.01596199910197,903,171,1,-0.284374934334936
"bootleg ryu",151,11,20,-1.36234266616322,270,759,1,-0.189346028082373
"boulma",152,14,16,-0.700952864673348,544,387,1,-0.47690708836636
"bra",153,25,46,-1.21355601779817,1112,146,1,-0.500518827326553
"brainiac",154,3,36,-4.01177790554543,1252,373,1,-0.0958898076661767
"brian griffin",155,8,24,-1.87658554748006,716,871,1,-0.405304239003179
"bridget",156,15,3,3.65114038006605,322,940,1,-0.184112250012855
"brimstone",157,7,21,-2.00066146723561,589,1332,1,-0.504347590019605
"broken",158,30,3,4.09296132856769,961,960,1,-0.0761539791232063
"broly",159,12,4,1.8657499086315,366,179,1,-0.212793221368105
"bulleta",160,8,12,-0.854665383673558,36,677,1,-0.402670925042303
"bullseye",161,30,5,2.97179596822606,1173,703,1,-0.230956655042121
"burai_yamamoto",162,1,12,-4.09112811726221,625,335,1,-0.17309236613258
"burta",163,4,4,-0.309873194153159,1247,399,1,-0.264152990785805
"burter",164,21,5,2.56183542834965,440,643,1,-0.233562279191937
"buttercup",165,28,30,-0.424756726030121,774,184,1,-0.344707797704615
"butt-head",166,18,15,-0.059027310373824,1112,196,1,-0.302536131445928
"byakuya",167,10,7,-0.214037695218572,719,58,1,-0.380241137449513
"c-19",168,17,15,0.58945526687442,909,783,1,-0.278165432218701
"cable",169,24,3,3.61041448294618,337,359,1,-0.135162042115653
"cactuar",170,11,8,0.916057519485112,256,381,1,-0.414040957290381
"cammy",171,42,23,1.33785123283897,869,353,1,-0.471096144857934
"capella",172,19,11,1.49945755647225,1336,422,1,-0.288953308171399
"captain america",173,35,12,1.75022837475972,1003,423,1,-0.205319979985762
"captain caveman",174,24,6,2.65326375631989,558,176,1,-0.270521748079672
"captain commando",175,36,12,1.83474781405214,836,1032,1,-0.216897637809565
"captain ginyu",176,19,45,-1.71615694351499,174,1292,1,-0.607471173526169
"captain marvel",177,38,24,0.863648415690095,439,944,1,-0.314998529896212
"captain marvell",178,15,14,-0.143526239847039,627,1081,1,-0.184382001483906
"carnage",179,45,21,1.63076868732077,1156,140,1,-0.448930700246281
"cartman",180,3,28,-3.57288697269781,293,486,1,-0.0623955916754806
"catwalk",181,0,1,-0.64407574639865,0,1393,0,-0.00251043455809806
"catwoman",182,0,35,-5.16623079544679,0,1202,0,-0.0240435847232413
"cc iron clara",183,25,7,1.59950966899445,955,530,1,-0.115054768249861
"cell",184,26,65,-1.73282813369269,396,1252,1,-0.400432830434344
"cell (2 forma)",185,2,2,-0.581696497095951,385,417,1,-0.220435875270316
"cell genesis",186,0,7,-3.70284076803937,0,471,0,-0.0176230258447937
"cell jr",187,16,15,-0.295879774470236,719,471,1,-0.335576584051764
"cell junior",188,18,6,1.43045176458612,134,153,1,-0.264418086147667
"chaka",189,14,12,-0.820546344420877,179,1265,1,-0.39760227261518
"chameleon",190,23,14,1.16851099026646,238,1322,1,-0.30020615580623
"chang",191,20,8,1.60390471799546,321,1216,1,-0.28153990052848
"change dragon",192,9,25,-1.8908591593725,453,415,1,-0.299955834521444
"chaos",193,1,25,-5.53060332855052,1292,510,1,-0.09408141225697
"chaos blanka",194,21,16,1.00354642567651,1239,766,1,-0.287430082883259
"chaos hiryu",195,43,3,5.52569516813778,878,57,1,-0.141129293876527
"charizard",196,8,11,-0.304625352505384,797,1171,1,-0.347237104980746
"charlie",197,21,7,2.20345718749501,337,1110,1,-0.278825196605352
"charlotte",198,26,19,0.807701584337146,1124,307,1,-0.377007823009013
"cheap boss type",199,7,1,5.33585357482713,1164,967,0,-0.0764278501286342
"chiaotzu",200,7,14,-0.751086355089919,177,361,1,-0.2861575678348
"chibi gohan nex",201,0,2,-2.93456538801661,0,797,0,-0.0135436282925316
"chibi goku",202,12,18,-1.71454989104392,652,1285,1,-0.281991933227354
"chibiko",203,1,0,1.95340571914511,711,0,0,-0.00844807964483256
"chibi naruto",204,13,8,1.36956505534226,934,551,1,-0.437433587375783
"chibi trunks",205,2,6,-2.54680027464986,1008,1248,1,-0.591364302508719
"chibi ubuu",206,3,26,-2.52088310608774,774,1238,1,-0.258112244077166
"chichi",207,11,20,-0.905886342551244,648,1263,1,-0.210688342126541
"chiel",208,27,0,5.73175254833267,879,0,0,-0.0259585454572245
"chill penguin",209,11,24,-2.16949056409003,40,771,1,-0.217859101751317
"chipp",210,4,33,-3.98217563469895,1223,35,1,-0.177827465291545
"chise",211,7,8,-1.56892375935781,336,364,1,-0.350037884201298
"chizuru kagura",212,27,6,2.7380301382953,604,252,1,-0.20519363190424
"chloe",213,0,21,-4.93410342072597,0,30,0,-0.0237970066158356
"chomper",214,22,13,1.23567615042287,1376,757,1,-0.277364120293751
"chouji",215,10,20,-2.22662656509804,1053,1045,1,-0.213683499801934
"chris",216,7,12,-0.711074701919332,829,40,1,-0.293549728743977
"chris sakurigan",217,4,17,-1.7647229151468,307,975,1,-0.259280710130464
"chun-lee dark bolt",218,20,9,1.71066076149012,901,227,1,-0.34903954466917
"chun-li",219,15,1,3.28526139759357,863,550,1,-0.0798713694305791
"cirno",220,16,2,3.42714504589378,127,887,1,-0.142313106008317
"clark",221,24,4,3.46197418388784,801,265,1,-0.248590026705618
"clark steel",222,17,12,0.225819046630036,1023,1136,1,-0.212970981605833
"clayface",223,24,8,2.13240076365716,1337,226,1,-0.23806793128681
"cless alvein",224,39,12,2.03019350190822,287,932,1,-0.267605149281782
"cloud",225,24,8,2.21106347918084,528,1233,1,-0.229297278917747
"colossus",226,17,12,0.694399148995329,223,187,1,-0.307582302177506
"commissioner gordon",227,19,15,0.761919762401222,1073,166,1,-0.346189998745146
"complete cell",228,0,11,-4.75679460490358,0,609,0,-0.0214090697315772
"cpu nobunaga",229,5,0,4.75764017649257,934,0,0,-0.0225701693144748
"crashman",230,13,20,-0.675956013157842,456,216,1,-0.306539283088091
"cream",231,0,2,-5.42114808764621,0,562,0,-0.0250803727317929
"crilin sposato",232,19,15,-0.257988206757531,521,1,1,-0.408965672716467
"crono",233,3,31,-4.57570558040368,563,1175,1,-0.122096856794868
"crystal",234,20,6,2.12190011014536,589,1021,1,-0.231368083205003
"cv wakamoto",235,13,16,-1.23027669483213,1323,1355,1,-0.210141094422062
"cyborg_mai",236,8,7,0.25777403160329,694,1076,1,-0.271945951885888
"cyborg superman",237,27,5,3.80852516873212,465,1140,1,-0.189441731480426
"cyclops",238,50,20,1.47052898091957,1191,1296,1,-0.339080924847194
"dabura",239,0,10,-5.22950568501702,0,1248,0,-0.02338409038272
"daffy duck",240,7,21,-1.7808614171719,176,433,1,-0.183891949607812
"daigo",241,0,13,-4.39467894451738,0,709,0,-0.0193906520746496
"daimon 71113",242,38,1,5.48959048324046,724,1378,0,-0.0412253624267765
"dan",243,44,34,0.83165248989942,863,492,1,-0.326851991035166
"dante",244,3,28,-4.05369564684218,149,911,1,-0.105632643266991
"dare devil",245,21,13,0.620043406653996,934,944,1,-0.212964893126607
"dark ash",246,3,27,-3.8902188671425,399,707,1,-0.351229375363552
"dark chun li",247,1,0,1.91739148235617,85,0,0,-0.00925881931086611
"darkon",248,5,20,-2.17683743240138,1355,361,1,-0.115958181554715
"dark phoenix",249,12,0,4.16299075311984,1074,0,0,-0.019426837112768
"dark psylocke",250,9,26,-2.19630898149036,270,8,1,-0.304847782120238
"dark ryu",251,7,22,-1.59025294293244,307,356,1,-0.199946223543419
"darkseid",252,47,18,1.92784263137581,371,270,1,-0.29813891962798
"deadpool",253,21,11,1.64505971983478,49,1008,1,-0.260507559184735
"death13",254,11,13,-0.344646510368367,283,1070,1,-0.301862008024735
"death adder",255,20,0,4.32448831008777,936,0,0,-0.0197014076655124
"death black shot",256,22,9,2.0984595443081,661,226,1,-0.385563009731612
"death maul",257,9,15,-0.534009076495346,243,575,1,-0.341323037790671
"death ogre",258,25,0,5.60549108824947,475,0,0,-0.0257075340747746
"dee jay",259,13,17,-0.370410102292385,1271,816,1,-0.338581045527289
"demitri",260,26,6,2.80482625037022,480,315,1,-0.286423113908926
"despero",261,15,14,0.533360451081316,1110,1047,1,-0.244943390297864
"det. garret laurel",262,22,9,1.47576294408696,1126,1322,1,-0.282726850778451
"devil_daigo",263,2,17,-4.17694118176671,1066,147,1,-0.153685216860254
"devo",264,2,21,-4.7788595555122,921,210,1,-0.221285642790377
"dhalsim",265,35,30,-0.667188615496576,1079,365,1,-0.845378124584075
"diablo",266,19,8,1.51830125285276,1266,353,1,-0.237709305312212
"diablo_skeleton",267,32,7,1.46992192054128,1319,746,1,-0.267679283048518
"dink smallwood",268,29,3,3.54409650389655,600,589,1,-0.10664489110103
"dinozord",269,0,30,-5.62627195394613,0,856,0,-0.0257368688689875
"dio",270,28,26,-0.0661546843168445,28,969,1,-0.466516485353974
"dio brando",271,11,54,-2.58216694181536,614,1118,1,-0.298015155548873
"dio di musca",272,17,14,0.310180146095133,323,918,1,-0.265881400451099
"dizzy",273,9,5,0.940770785875712,76,134,1,-0.133419803145593
"docinho",274,31,29,0.0340644396285116,328,1215,1,-0.253304758237977
"docock",275,18,19,-0.42795173114319,703,149,1,-0.32932360315903
"dodgers",276,11,13,-1.59067238385962,366,373,1,-0.525494191355609
"dodoria",277,7,17,-2.75291528956366,1322,373,1,-0.395236607593183
"donald",278,24,3,4.54099127931488,553,1320,1,-0.147233309882112
"donatello",279,16,21,-0.218015154239973,238,705,1,-0.257576589353
"donovan",280,35,5,3.63046699922885,490,109,1,-0.287563958368299
"dooby dummy",281,26,3,3.86074502402385,368,319,1,-0.205547132835693
"doomsday",282,14,6,2.1833271318931,134,1344,1,-0.156073412313721
"doparmin",283,12,15,-0.563832543152047,395,652,1,-0.264131522187849
"dora",284,17,15,0.408673131949581,932,1205,1,-0.202580192459839
"doraemon",285,20,18,0.571821169701533,1042,591,1,-0.502254553959072
"dosu",286,7,16,-1.65476528466794,31,843,1,-0.250195759561567
"dragon claw",287,31,7,2.64707125179256,280,224,1,-0.182287585182903
"dragon guy",288,2,14,-3.1846160843154,1396,363,1,-0.172853646471117
"drdoom",289,29,0,4.8681091679718,509,0,0,-0.0223379651847052
"dr.doom",290,52,27,1.30341738070311,1313,1322,1,-0.308426321778118
"dr.gero",291,31,7,2.21102980391173,425,104,1,-0.191100067239927
"dr gero-and20",292,1,6,-3.11458416619316,471,1259,1,-0.413385502841157
"drill asamin",293,2,29,-4.69709180941014,1292,180,1,-0.0744801404402634
"d-rugal",294,11,15,-0.995988415410941,1047,596,1,-0.335136170953635
"dudley",295,6,13,-2.29879744104396,871,1024,1,-0.189716803897082
"duke nukem",296,16,9,1.20426422702618,1251,153,1,-0.440937704649164
"dunbai san",297,0,1,-3.79745067252877,0,547,0,-0.0162871305433423
"e-102r",298,4,29,-3.14194648484629,76,526,1,-0.257375121436327
"eagle",299,17,8,0.999771617585982,725,1386,1,-0.215132770438679
"eddie",300,3,19,-2.48145131654507,460,60,1,-0.194383678301232
"edward elrick",301,1,29,-5.18043331979313,90,1397,1,-0.106300736882125
"e. honda",302,10,3,2.40514306258132,459,948,1,-0.244295777081314
"eiji kisaragi",303,12,18,-0.940376481355993,39,407,1,-0.223664963876738
"eiko magami",304,20,13,0.0875462482118522,556,721,1,-0.201474441809288
"elastigirl",305,9,14,-1.29736716827098,471,947,1,-0.264604702594201
"elecman",306,13,19,-0.655840521474772,1350,1116,1,-0.184779192071235
"electro",307,24,42,-1.15097490773441,198,1052,1,-0.277305079063069
"elektra",308,17,13,0.0304895983261596,639,152,1,-0.253161265390204
"elena",309,4,18,-1.50597551836165,1370,1188,1,-0.161694680883043
"elisabeth blanctorche xiii",310,4,5,-1.56473554346269,300,58,1,-0.203908280640566
"eliza",311,8,3,2.93364866433367,21,675,1,-0.20525577412248
"ella",312,23,12,1.47227831298889,617,243,1,-0.217000315207368
"elongated man",313,7,12,0.0970054770613481,1249,176,1,-0.370499571872053
"emerald",314,12,3,2.84631520852342,597,584,1,-0.171741737956319
"emerl",315,19,18,0.438853850441708,260,1256,1,-0.483856406174333
"emma frost",316,12,19,-0.290257053170544,100,157,1,-0.338323073971269
"enya",317,7,28,-2.71708009495644,364,1227,1,-0.26658790356091
"eri_hasumi",318,13,8,0.998146376841318,1065,406,1,-0.596236364478343
"eriol hiiragizawa",319,28,5,2.40877679441578,281,649,1,-0.244070635313185
"erza",320,6,5,-0.277642606677982,1322,126,1,-0.148717677744306
"esmeralda",321,28,8,2.17626265069673,546,1322,1,-0.270744608921267
"e-terry 71113",322,27,5,3.92245763123828,324,901,1,-0.224215949129425
"etrigan",323,24,10,1.41892650423787,1092,272,1,-0.342238048377421
"evil dan",324,35,4,3.99256073067387,496,322,1,-0.105145943693986
"evil homer",325,23,10,1.76617131894799,1242,76,1,-0.360259220400435
"evil ken",326,72,5,4.90281032270986,1108,1006,1,-0.073010770510077
"evil ranger",327,11,10,0.467263864742012,602,176,1,-0.212645064174134
"evil ryu",328,93,45,1.83617235743039,371,1259,1,-0.35184293216559
"evil soul",329,19,2,3.71984932250993,1059,614,1,-0.0856907795523332
"exocist(dnf)",330,3,26,-2.91568943199116,718,51,1,-0.195196601769546
"_fake_kyo",331,13,21,-1.87674222742831,670,479,1,-0.219860319278113
"fat albert",332,29,34,-0.312624080890118,834,43,1,-0.227749679588687
"fat boo",333,23,18,-0.152757164863991,704,316,1,-0.20002090446139
"faust",334,25,10,1.64437355752577,450,1106,1,-0.347495451340346
"fei-long",335,3,6,-2.30610104400258,895,122,1,-0.220227757816501
"felicia",336,20,22,-0.423060658489035,1079,1380,1,-0.631085536601308
"ferroman",337,23,6,2.69374042131359,813,197,1,-0.193906924077684
"fio",338,5,12,-1.31694555164178,1306,1070,1,-0.254603832875926
"firebrand",339,18,20,-1.16194220472363,1288,633,1,-0.262895148675533
"fireman",340,6,21,-1.71285957460944,515,799,1,-0.198792161985778
"firestar",341,6,9,-0.97841908135885,14,1197,1,-0.256961745162175
"flandre scarlet",342,11,10,0.949779243742607,532,1176,1,-0.40862073572008
"flash",343,29,34,-0.195934676688156,1283,742,1,-0.279118948748841
"flonne",344,29,1,5.86096265035767,730,394,1,-0.0840615127260221
"floren",345,7,26,-2.3012630649944,684,495,1,-0.38993560997788
"fordy",346,27,7,2.49635016123944,1191,652,1,-0.295851881765855
"fox mccloud",347,13,26,-0.819908920296802,1288,493,1,-0.2420766387159
"foxy",348,1,10,-4.124919245992,1240,373,1,-0.126148941081508
"franko",349,24,7,1.69200147992846,568,1213,1,-0.252549593767575
"freeza 100%",350,1,20,-4.30389526003342,1329,1329,1,-0.11941569439677
"freeza 1st form",351,0,2,-2.33601341479301,0,1335,0,-0.0101914766618083
"frieza",352,28,7,2.34698363159416,319,667,1,-0.126713182884632
"frog",353,21,35,-0.844522203390918,973,53,1,-0.587684461646665
"fubuki sakuragasaki",354,4,24,-2.9128187426881,1285,90,1,-0.192093178826816
"future trunks",355,36,29,0.566218612482765,981,747,1,-0.576803019680912
"gaara",356,5,19,-1.46560796680326,251,251,1,-0.179023919307287
"gaits",357,16,7,2.82411784608706,966,801,1,-0.151019411594018
"gajeel",358,5,3,0.842292535450798,942,1060,1,-0.475456372977547
"g-akiha",359,29,7,2.94862867867662,57,1238,1,-0.494737157298774
"galactus",360,1,0,2.11439459916341,418,0,0,-0.0101591267599783
"gambit",361,16,45,-1.25406754030558,355,400,1,-0.267310672937332
"garfield",362,3,18,-3.24646348271342,603,111,1,-0.157481030937903
"garlic junior",363,5,27,-2.81639449429686,854,1219,1,-0.140392142001626
"gato",364,10,16,-1.10773724615923,211,317,1,-0.196772402357915
"g-bit",365,3,24,-4.64901769059403,265,578,1,-0.294709146778142
"geese",366,48,38,1.08567825413222,1189,588,1,-0.516302035428996
"gengetu",367,12,3,2.94038333762864,197,684,1,-0.219816998728504
"ghetto warmachine",368,49,8,3.55461286094885,903,29,1,-0.174578355853771
"ghost rider",369,28,6,2.04322964812496,1335,1288,1,-0.215512157704648
"giano",370,26,12,1.51629024562486,1112,1008,1,-0.241887149891794
"gideon",371,27,4,3.11324250693167,970,328,1,-0.186347163730375
"gill",372,10,17,-0.42760872143478,1205,76,1,-0.19269327428439
"ginew",373,12,79,-3.08481466044065,276,1241,1,-0.190697179091222
"giro",374,14,4,2.23180721118494,1042,1060,1,-0.53009120008199
"giygas",375,1,0,5.8265386909472,1387,0,0,-0.0265622773928827
"glacius",376,15,16,-0.667375070806051,944,433,1,-0.214634768006132
"gobotenn",377,3,18,-3.18691709766789,1206,413,1,-0.173299342751912
"god ken",378,7,17,-2.57261294857301,1129,687,1,-0.183156218063044
"godman",379,22,10,1.39393574295022,863,719,1,-0.222254057807211
"god yuri",380,10,8,-0.410138712008011,33,826,1,-0.265944561985901
"godzilla",381,19,14,0.136900351526903,584,927,1,-0.371854025780302
"goenitz",382,24,5,2.17747625918222,1089,1036,1,-0.307955672095376
"gogeta ssj",383,3,37,-3.78685813227333,715,1326,1,-0.0487447659058747
"gogeta ssj2",384,5,3,-0.926839870160203,1341,176,1,-0.16850798420972
"gogeta ssj4",385,42,69,-0.977289211367604,617,11,1,-0.379784376955131
"gogeta super saiyan 3",386,15,6,1.30595192983359,468,912,1,-0.284958064803618
"gohan fight money",387,9,24,-2.56257953670344,602,1252,1,-0.478257495919804
"gohan  grande normale",388,32,4,3.37072699954168,1058,863,1,-0.202644187576426
"gohan gt",389,1,3,-3.22551274586411,727,1184,0,-0.130602862225048
"gohan saiya-jin ex",390,17,9,1.63388661026605,431,224,1,-0.143680677825782
"gohan school",391,15,14,-0.486208395551454,1197,505,1,-0.258432900876864
"gohan ssj2",392,7,18,-1.47349560920536,456,1228,1,-0.282628824538672
"gohan ssj3",393,7,0,3.85542386185654,290,0,0,-0.0178187875231685
"gohan ssj4",394,32,3,5.76605003755014,1061,793,1,-0.314544621743898
"gohan ssj5",395,12,7,-0.0566569088493054,1337,283,1,-0.277518196386935
"gohan zeta",396,16,16,0.671860356322731,1297,184,1,-0.289723842559505
"goku",397,2,2,0.32130355406532,919,21,1,-0.0850661207766265
"goku db",398,3,23,-2.53571020556071,330,1220,1,-0.109913078260948
"goku gt",399,36,27,-0.12454544642161,535,1340,1,-0.462248067821304
"goku gt ssj3",400,5,19,-2.14430563740318,1047,613,1,-0.333633603363803
"goku kaiouken x4",401,3,25,-3.57629389292968,1113,987,1,-0.182920403970254
"goku kid",402,5,28,-2.8902303440935,941,1326,1,-0.231295748114817
"goku kid_ssj",403,2,1,2.15663311933492,636,901,1,-0.352817506776301
"goku nex",404,29,4,2.38609845939793,1360,502,1,-0.204624590957934
"goku normal hd",405,4,26,-3.01974027442197,771,50,1,-0.198345641573791
"goku pce",406,5,19,-2.34679772602325,318,792,1,-0.249419122436851
"goku sayajin",407,9,17,-1.39977360552326,355,54,1,-0.295367842663436
"goku sb1",408,1,37,-3.91105527841021,954,1020,1,-0.0717581428198756
"goku ssj2",409,19,18,-0.689455450680584,719,1201,1,-0.305010261755967
"goku ssj3",410,12,9,1.37292068148567,1337,40,1,-0.411937570294823
"goku ssj 3",411,8,21,-1.73079536982489,355,345,1,-0.283397772379839
"goku ssj4",412,1,2,0.177502453732098,333,95,1,-0.33531997205745
"gokussj4d",413,4,34,-3.12629579737679,1287,1162,1,-0.128291826149566
"goku ssj4 db final bout",414,21,7,1.68177202326082,252,1065,1,-0.209675587962514
"goku ssj5",415,5,20,-2.05069475179874,192,1259,1,-0.207110353311983
"goku ssj gt",416,3,27,-3.96971085531058,819,11,1,-0.133707387238654
"goku transformer",417,17,10,0.450856912976757,850,1130,1,-0.254276915109328
"gold warmachine",418,7,22,-2.50420966427022,774,1341,1,-0.480712787845865
"gonzales",419,18,0,5.3865350849071,237,0,0,-0.0247353026969483
"gorunks ssj4",420,7,29,-3.05572493938443,1301,1238,1,-0.276344914070291
"goten",421,3,21,-3.87949885445827,40,478,1,-0.15417339493045
"goten gt",422,33,36,-0.0564871369707165,172,1183,1,-0.336885503444146
"goten gt nex",423,18,8,0.796567772087829,173,1261,1,-0.33110643864942
"gotenks",424,2,5,-2.36137322192009,209,791,1,-0.392584069667104
"gotenks gt",425,20,9,1.98881495178272,29,145,1,-0.44120453593945
"gotenks ssj",426,16,19,-0.853745991297372,109,854,1,-0.338708761056668
"gotenks ssj3",427,0,9,-4.51679887393952,0,916,0,-0.0203779971867872
"gouken",428,23,11,1.26531558132847,1170,145,1,-0.373861571064775
"'gou no ken' kenshirou",429,15,14,0.0978944247570054,552,84,1,-0.223583183876717
"grappler_hiyama",430,4,23,-4.28729874017572,821,93,1,-0.203614881374455
"gray fly",431,21,8,0.924756382716612,1091,1213,1,-0.286497749462294
"great gohan",432,11,14,-1.85600497967015,142,702,1,-0.507209490006798
"great saiyaman",433,9,25,-1.51538543976342,376,783,1,-0.273010470624373
"great sayaman",434,1,2,-4.1144010445445,1150,1016,0,-0.042148998302195
"great s. man",435,14,21,-1.33673841127984,232,1232,1,-0.355345286834957
"green arrow",436,22,11,0.983611328287006,878,1321,1,-0.376933198154594
"green devil",437,0,2,-3.03324683914197,0,1174,0,-0.015046918833051
"green goblin",438,14,20,-0.83821948225622,343,1395,1,-0.257922139032353
"green lantern",439,25,6,2.45935524361963,480,177,1,-0.266701685528654
"green lantern gg",440,21,3,2.27651432928969,668,328,1,-0.131875080142414
"green lantern js",441,12,9,0.414984633048975,514,899,1,-0.288301747363449
"green ranger",442,8,15,-0.720216049295671,1392,145,1,-0.321585241285552
"grover",443,5,22,-2.66769619629994,1259,271,1,-0.167798102387716
"g rugal",444,50,12,2.80197275377533,1242,1112,1,-0.265659812821905
"guerrero divino del dragn",445,3,26,-3.99937940247339,1129,8,1,-0.139686532622098
"guile",446,16,22,-1.2318759059303,1205,625,1,-0.238721362066321
"guldo",447,1,4,-0.951625373356282,652,1056,1,-0.202775821346445
"gundam heavy arms",448,12,19,-1.38009624567019,1139,418,1,-0.287458570451119
"gurocure",449,0,3,-4.61616398392339,0,927,0,-0.0215024277098847
"guy",450,29,7,2.4303547189527,1064,807,1,-0.2532757647434
"guy gardner",451,6,21,-2.08690245589029,1184,969,1,-0.180304405383946
"hads",452,2,16,-3.43338761147393,47,1244,1,-0.167372970921938
"hagen",453,16,20,-0.927771742745059,561,192,1,-0.255986417592958
"haggar",454,25,8,2.13579685572425,1012,1035,1,-0.345224717853033
"haku",455,5,19,-1.80755271817123,366,184,1,-0.296302196957908
"hal jordan",456,16,13,0.585311710400431,649,392,1,-0.380113749063151
"hanny",457,0,18,-6.44477844667877,0,139,0,-0.0303397097205481
"hanyuu",458,8,1,2.00102179741655,725,357,1,-0.104036575935568
"haohmaru",459,19,10,1.59713424380543,59,955,1,-0.205568582643164
"harley quinn",460,14,14,-0.921257036030983,1322,300,1,-0.324774314646674
"harpagos",461,5,25,-3.13166950641092,504,271,1,-0.178381994070906
"haruhi suzumiya",462,16,6,2.47917011758919,1277,934,1,-0.184383223053281
"haruno sakura",463,13,20,-1.3517601189603,1186,522,1,-0.315909092279537
"hatate_himekaidou",464,17,5,2.8066715591957,1064,1191,1,-0.167937388665084
"hato sabure",465,27,4,3.8240364331587,1058,958,1,-0.209014782178705
"havok",466,6,13,-1.27415043939258,426,620,1,-0.208656192647168
"hawkman",467,5,3,0.803538770382059,76,59,1,-0.15313015647862
"hayato",468,18,7,1.85466639197817,661,1203,1,-0.431788061918271
"h-duolon",469,16,2,4.50724552786655,496,730,1,-0.109417112027845
"hebiitigo",470,0,36,-4.96768330149752,0,495,0,-0.0225303423769473
"heihachi mishima",471,23,33,-0.875392556949908,129,90,1,-0.43759206963513
"heika",472,2,19,-4.26446114418639,1381,1354,1,-0.197733870762128
"heita zinnai",473,0,14,-5.32580102656316,0,1121,0,-0.0245955796274469
"helion",474,16,7,1.50544100720638,988,124,1,-0.33203908484114
"hel'lauren",475,31,3,3.71145283068224,462,116,0,-0.055645822394472
"hellboy",476,19,8,1.72464663573603,404,1288,1,-0.313648050577618
"he-man",477,8,21,-1.40540978992311,1060,1127,1,-0.278669638218706
"henri",478,1,11,-2.92705950294396,421,919,1,-0.0804992327492417
"hercule gt",479,4,31,-3.6637300352491,331,628,1,-0.193906267100153
"hibiki",480,22,7,2.15476023976452,1048,366,1,-0.302344659899395
"hideo&kyoko",481,7,19,-1.2721822485762,316,654,1,-0.252763313636909
"hiedano akyu",482,10,3,3.02720911870751,1080,1085,1,-0.149443824343688
"higyo-pam",483,8,17,-1.14387817019868,1171,793,1,-0.244696607907177
"hijiri byakuren",484,2,0,2.24282491652496,217,0,0,-0.0104284341073306
"hikaru",485,21,13,0.689759189138762,1186,399,1,-0.222469146102793
"hina",486,3,13,-2.63795644054087,627,630,1,-0.277558629922455
"hinata",487,7,22,-1.68886958227728,1368,1380,1,-0.30890752442014
"hirasawa_yui",488,1,18,-4.02919374119165,193,821,1,-0.0505568927838105
"hisame shizumaru",489,13,9,0.761416319250355,1233,1257,1,-0.312030638943729
"hisui",490,28,2,3.96060566167539,57,280,1,-0.124324134795045
"hisui&kohaku",491,4,26,-3.42112731745497,1339,405,1,-0.203825450984063
"hobgoblin",492,27,43,-1.07245711349633,243,1333,1,-0.285724143961756
"hokage",493,7,24,-2.99266388953316,265,1329,1,-0.403263251359972
"hol 'butt king' funtimes",494,5,26,-2.99191363461756,1188,747,1,-0.198390921417856
"hol horse",495,5,24,-2.74248073959618,944,673,1,-0.242055994018786
"holy ken",496,42,4,4.36044488836653,1102,324,1,-0.107616903561822
"homero",497,27,5,2.44737909115757,328,894,1,-0.122537984648408
"honda asuka",498,1,0,1.8465851901889,1162,0,0,-0.00809178942774291
"hory marlu",499,11,22,-1.97458870158327,744,415,1,-0.210681265025467
"hotaru",500,31,15,1.59940075624036,907,694,1,-0.288802753850089
"hotaru futaba",501,10,5,2.46787401055341,528,156,1,-0.117381164585296
"hugo",502,29,29,0.368765071177624,404,848,1,-0.44329555319298
"hulk",503,20,1,4.96342217071485,1006,1023,1,-0.224443160924589
"hulk 2099",504,10,19,-1.64315950884799,627,461,1,-0.367736187528415
"human torch",505,9,23,-1.93859793090001,1139,1011,1,-0.373447773348915
"huninki",506,0,7,-5.17995384776763,0,954,0,-0.0240476326667856
"hwa jai",507,4,9,-2.70905788355056,526,625,1,-0.232019613903823
"hydra",508,0,1,-2.64987720891781,0,1112,0,-0.0122386672299291
"hyoga de cisne",509,22,2,3.12681459161378,1319,1023,1,-0.135893838487317
"hyper buu",510,2,23,-4.75053611431448,145,777,1,-0.174821398514421
"hyper neo-kamek",511,26,0,5.84593525581745,724,0,0,-0.0266388181281484
"ibuki",512,21,31,-0.14687455199704,1288,998,1,-0.291649746569141
"iceman",513,20,9,1.54724188848255,722,956,1,-0.27399148103778
"ichi",514,21,4,2.059567202759,1117,441,1,-0.197893695596839
"ichigo",515,14,21,-0.464484784745296,956,529,1,-0.324314643936442
"ichijo akari",516,2,10,-3.29979371901012,233,591,1,-0.113385106267828
"iggy",517,19,18,-0.567586338640092,265,808,1,-0.190713405972615
"ik borodin",518,10,9,1.12925982980288,1023,615,1,-0.219681347176604
"ikisan",519,2,18,-3.31118857717815,233,549,1,-0.0678067191256
"ikkaku",520,18,3,3.79804331738568,29,1276,1,-0.0878529437513746
"ikki",521,19,9,1.23668274925684,1191,40,1,-0.525522027070814
"ino",522,7,24,-2.89468698345542,1047,854,1,-0.339844086111476
"i-no",523,5,29,-3.50962977820782,265,147,1,-0.283171746707943
"insane hiryu",524,7,12,-0.285582147458677,855,485,1,-0.210940248543662
"inspector gadget",525,0,4,-4.31817082086895,0,642,0,-0.0194829251385006
"inuzuka kiba",526,5,24,-3.07070703690844,298,507,1,-0.117806901097143
"invisible woman",527,6,24,-2.44333304831652,385,1282,1,-0.243297586059516
"iori 71113",528,27,8,2.6742339500679,287,948,1,-0.228813899688502
"iori yagami",529,4,12,-1.74051004421319,515,246,1,-0.32987254753667
"iron lantern",530,16,9,1.70755615696318,538,144,1,-0.353430769345163
"ironman",531,23,12,1.37539768861157,370,1047,1,-0.318431608837371
"ironpatriot",532,32,8,2.72292399318481,1235,342,1,-0.248595975469592
"isaiah bradley",533,18,15,0.204703145659276,1328,1259,1,-0.306032621257774
"itachi",534,7,18,-1.53100312193603,432,905,1,-0.191821537086976
"ivy",535,16,10,0.700187609509992,328,1038,1,-0.395880295004863
"iwao",536,11,15,-0.275263568350587,1047,274,1,-0.158903469590387
"jabu",537,26,14,1.58677096548017,996,986,1,-0.273619354894333
"jackal",538,19,6,1.88764875204125,973,109,1,-0.386083730656451
"jack frost",539,14,11,0.696346610479628,1017,502,1,-0.256342751773924
"jagi",540,4,26,-2.93897305654853,830,758,1,-0.142765737270722
"jamian di corvus",541,23,15,0.866432306304783,604,1185,1,-0.247706146137116
"janemba",542,3,4,-1.09604959949827,471,1221,1,-0.267545267734165
"jason todd",543,20,14,0.165189279175593,602,1148,1,-0.226961626212475
"jay garrick",544,35,25,0.480792401775683,1283,152,1,-0.317980869731428
"jean grey",545,22,4,3.19477209729751,949,732,1,-0.270144732248816
"jedah",546,22,6,2.07653894561791,1092,1007,1,-0.198273634043974
"jeice",547,17,16,0.225775361814004,584,385,1,-0.297991538149355
"jess",548,4,2,-1.7928731850866,527,1380,1,-0.388435053509674
"jill",549,4,20,-2.6134652272896,1223,1339,1,-0.157086357320908
"jimmy lee",550,26,3,3.73760860908247,388,322,1,-0.107776566514135
"jin",551,12,19,-0.512304540454288,204,361,1,-0.310861308203742
"jin kazama",552,18,14,0.509222997946386,476,399,1,-0.300245259740228
"jin saotome",553,32,1,4.62283950077098,672,278,1,-0.0630070959415785
"jiroubou",554,6,16,-2.56087067285109,1259,493,1,-0.26193688085796
"jissou seki",555,5,23,-3.30413464904049,819,1338,1,-0.276598122495411
"joe higashi",556,18,16,-0.0786309643375047,658,176,1,-0.324222668120008
"johnny",557,4,21,-3.37106803614311,265,1118,1,-0.213473835010574
"johnny cage",558,30,4,2.88773509014154,646,174,1,-0.118217868634808
"jo jo",559,21,11,1.22649147539767,1189,1257,1,-0.301901880602858
"j'onn j'onnz",560,22,8,0.870438709329449,1099,561,1,-0.231014560084263
"jon talbain",561,31,32,-0.440691399126518,1071,697,1,-0.399290269730381
"joseph the b.b.",562,3,17,-2.63258964958328,822,555,1,-0.179051531030565
"jotaro kujo",563,4,20,-3.40188705311971,1248,233,1,-0.150884258745515
"juan",564,18,11,0.29821889189569,719,1301,1,-0.314531583862061
"juda",565,14,20,-1.77035463558334,145,94,1,-0.210168814223369
"judgement",566,13,22,-1.1991251144502,353,1371,1,-0.216000594368501
"judith",567,28,10,2.21204755036219,668,966,1,-0.120902499087242
"juggernaut",568,77,28,1.92223801981447,760,243,1,-0.26368997921014
"juri",569,2,15,-3.81623611448641,43,80,1,-0.346511947613065
"justice",570,9,21,-2.47921879253692,1136,928,1,-0.232370884191845
"jyakku no keshin dio",571,2,0,4.40013843790968,955,0,0,-0.02053987543849
"k'",572,17,2,3.02293893692917,888,598,1,-0.160198879342481
"k9999",573,28,1,4.686672148487,1190,1369,1,-0.049841799320125
"kabal",574,7,30,-1.782444269327,471,1069,1,-0.213601968716269
"kaede",575,1,6,-2.43015136153023,257,1005,1,-0.406612751005725
"kaede_hioh",576,13,5,1.08089055620717,366,1335,1,-0.143239910967023
"kagami kyosuke",577,12,21,-0.828174237714864,275,1312,1,-0.275357062404902
"kagome",578,1,34,-4.72072753183628,365,557,1,-0.0757561664074385
"kaguya kimimaro",579,2,29,-4.09743681806754,606,1354,1,-0.144341175222236
"kaio shin",580,14,20,-0.634673792241088,1008,1219,1,-0.320852594493407
"kairi",581,2,23,-4.18849357557058,630,1244,1,-0.14223269832748
"kakashi",582,2,24,-4.17700726620081,145,1202,1,-0.157692296867097
"kamek",583,29,5,3.22836871446687,1360,1074,1,-0.158312542594164
"kamiccolo",584,17,5,2.47864687032415,314,381,1,-0.479853289178633
"kanae",585,24,8,0.992493881368992,104,1003,1,-0.128130468235606
"kanako yasaka",586,6,0,4.60264876658008,636,0,0,-0.020920805720539
"kang",587,11,17,-0.560935184435399,662,721,1,-0.218120792679557
"kanmi chan",588,9,22,-1.97002039798261,366,1228,1,-0.384492624860918
"kanna",589,35,5,3.44452488978444,885,157,1,-0.390479863465442
"kano",590,3,19,-2.6547784038467,595,1285,1,-0.141316795370171
"kanon",591,4,27,-1.81604172346595,285,944,1,-0.161767577207557
"kanorin",592,10,2,2.68258242376061,25,903,1,-0.0795263650072175
"kaori&shiori",593,2,13,-2.28968034992201,63,654,1,-0.152104348594465
"karen na hito",594,12,21,-1.40661147336359,409,685,1,-0.258552457497193
"karin kanzuki",595,8,22,-2.0426463354909,157,590,1,-0.201306165454338
"karnov",596,7,15,-1.49407137304907,1316,40,1,-0.305356358677957
"kazama kazuki",597,23,4,2.90480761590245,444,948,1,-0.229800591615662
"kazama sogetsu",598,20,6,2.71023158678808,545,355,1,-0.314330008334899
"kazuya mishima",599,13,9,1.27132551333428,386,521,1,-0.211171947056308
"keel",600,22,3,3.26447976998866,1344,268,1,-0.088272942569312
"keine",601,1,13,-4.53331928750036,651,954,0,-0.0484349373034321
"ken",602,74,70,0.259364981064182,359,387,1,-0.38104643734042
"ken & gang",603,7,27,-2.50611942782239,1,362,1,-0.182261618837964
"kenpachi",604,24,6,2.40353616184036,164,541,1,-0.278444638574921
"kenshin",605,20,8,1.14501001629817,868,956,1,-0.183913567063978
"kenshiro",606,8,20,-1.95068746334801,944,579,1,-0.209610892339901
"kenshirou",607,11,17,-0.842196723108648,1371,1301,1,-0.180954824615338
"kensou",608,6,8,-0.938252366505604,556,1118,1,-0.436860269988143
"khan",609,4,24,-2.59725235187266,40,588,1,-0.136222954912893
"kiba",610,15,15,0.294678948928857,899,824,1,-0.132854093026943
"kid gohan",611,6,26,-2.02651769720479,826,1355,1,-0.162498667199407
"kid gohan ssj1",612,1,17,-4.76709932098345,749,883,0,-0.0557014165913117
"kikuri",613,4,15,-1.89072980989795,400,640,1,-0.185297281725492
"killer whale",614,43,4,4.06680889922096,760,271,1,-0.222375894057359
"kim",615,30,20,1.1602526465023,454,1257,1,-0.286133935012397
"kimberly",616,2,20,-3.73496430323526,430,377,1,-0.0859661584925529
"kim kaphwan",617,25,12,1.66852772166855,936,385,1,-0.418323565071258
"king",618,1,13,-6.07175361772663,1343,128,0,-0.129244238942711
"king godzilla",619,20,11,0.740693078318437,1000,647,1,-0.148128269617803
"kingpin",620,16,21,-0.749492267823729,731,1070,1,-0.266163622129272
"kino",621,6,14,-1.97619409189548,1083,307,1,-0.134065710074451
"kira daidoji",622,9,0,3.96181793682126,1026,0,0,-0.0180226329585545
"kishima kouma",623,4,0,6.05405579859231,1054,0,0,-0.0265256929122482
"kisume",624,6,8,-0.912618919697116,307,627,1,-0.148676893710858
"knuckles",625,18,55,-3.00856090069691,1135,2,1,-0.532228991726541
"kogasa",626,1,16,-3.13388783439754,263,1005,1,-0.0562853378247669
"kohaku",627,36,31,-0.212177768539049,1112,987,1,-0.476707719248641
"komepo",628,4,29,-3.6216323229486,848,1183,1,-0.174800613119858
"konngara",629,13,3,3.51401533076411,260,793,1,-0.598651699283938
"koola",630,7,25,-2.66325001034197,1128,581,1,-0.293077872052094
"koopa troopa",631,14,14,-0.936910311541051,1257,1029,1,-0.219964606547492
"koryu",632,30,1,5.97669711028414,1006,825,0,-0.0459689496694862
"kosmos",633,8,19,-1.80111243098394,339,656,1,-0.303724782714798
"kouryu",634,27,3,3.22877926514181,359,879,1,-0.0749364589172462
"kraken",635,24,1,4.86063549539025,1236,903,1,-0.119448054057225
"krauser",636,30,13,1.91752306783835,319,652,1,-0.285683081458276
"krillin",637,9,50,-3.11257522896756,1257,402,1,-0.222802265663825
"krizalid",638,15,9,2.13796815796102,894,1017,1,-0.322146718543066
"krusty",639,24,13,0.497563101103045,238,308,1,-0.282070895206998
"kszsk-shuko",640,6,20,-1.85404447540205,18,1184,1,-0.265965471744677
"kuando",641,29,11,1.56492263259101,150,1047,1,-0.268630444585587
"kujo jotaro",642,14,16,-1.53626188648815,685,847,1,-0.161696960039388
"kuma",643,17,10,1.09132345692915,164,40,1,-0.418979565517684
"kumao",644,1,26,-5.06582254690448,1118,1278,1,-0.127674549921065
"kunagi_tenrou",645,0,8,-6.17422669040455,0,244,0,-0.0274566038582863
"kung fu fiunn",646,32,7,2.87717009340489,903,25,1,-0.235537069490808
"kung lao",647,18,14,1.30180383556188,568,176,1,-0.366646497412619
"kurama",648,18,14,0.127867436551193,956,207,1,-0.253554927605179
"kurihan",649,25,7,1.8980202084439,319,456,1,-0.283738238945486
"kuroko",650,7,25,-1.73398500260759,1323,1379,1,-0.197813703993597
"k' xiii",651,0,18,-6.30911957711685,0,293,0,-0.0291985262013096
"ky",652,30,61,-1.02601774473661,1314,838,1,-0.408192781298733
"kyle dunamis",653,19,18,0.136547426186852,1023,512,1,-0.3211069190507
"kyo 71113",654,13,24,-1.87700962607811,78,925,1,-0.256329344820627
"kyo kusanagi",655,1,9,-3.15917070369129,1055,1327,1,-0.10612882972721
"kyon",656,3,12,-3.07944112225723,633,819,1,-0.244281479315318
"kyouko",657,0,14,-4.18474146838105,0,1339,0,-0.0194160216185408
"lady deathstrike",658,17,14,0.0784114866127466,770,1136,1,-0.250976320354149
"last adult goku",659,19,9,1.66391796072424,996,238,1,-0.231376655073691
"lavos spawn",660,24,0,6.37060329659711,326,0,0,-0.0295556558321376
"layla",661,26,5,2.51005195062475,695,468,1,-0.179787451910069
"lee",662,30,26,0.334992797906702,966,945,1,-0.319057411247369
"leela",663,10,27,-2.59496671378124,796,1162,1,-0.225303588844187
"lei lei",664,17,0,5.64123650502029,73,0,0,-0.0262680650950165
"lei-lei",665,18,6,1.97087820695045,1250,1398,1,-0.186246253414687
"lelouch",666,0,12,-3.87432316082364,0,1184,0,-0.0185549744699188
"len and w. len",667,12,3,3.00851477173565,352,281,1,-0.106809352130774
"leona",668,22,14,1.50320568487475,1074,355,1,-0.258504924316884
"leonardo",669,12,18,-0.835411614146098,620,682,1,-0.217337421724267
"lesty",670,10,16,-0.609581563416967,544,331,1,-0.244049794245804
"letty whiterock",671,3,15,-3.38905099041764,40,1020,1,-0.262470847457542
"lex luthor",672,30,3,3.95498659274442,781,914,1,-0.117335340457155
"li'l gohan",673,6,22,-2.29826737107511,495,1184,1,-0.119780208169171
"lilin",674,13,7,-0.313976617022021,392,754,1,-0.171085147392895
"lilith",675,11,4,3.05013841324793,311,1239,1,-0.216217015097977
"lilith aensland",676,29,7,2.56656773653823,1337,336,1,-0.223250503186344
"link",677,15,41,-1.95737149712297,754,991,1,-0.282789658725974
"lion(coh)",678,10,1,3.96266928067338,287,70,0,-0.0902495996944984
"lion magnus",679,32,2,3.5510359246566,958,1012,1,-0.0630647207241969
"lion-o",680,7,22,-2.62413703014229,94,609,1,-0.168494707739042
"lipsyncher",681,7,14,-0.948843152369206,307,706,1,-0.17729553508517
"li sheng long",682,6,21,-1.66896747274961,391,1238,1,-0.315869642747255
"lizardman",683,6,11,0.340164238542683,1191,318,1,-0.272381972607143
"lobo",684,19,7,1.98237217263446,1054,345,1,-0.430921280568133
"lord raptor",685,8,15,-1.82056756826936,594,937,1,-0.266256426324491
"lord ravenous",686,7,17,-1.39166406127696,1288,1157,1,-0.296015623645095
"lord shaolin lee",687,4,20,-2.59749445856724,378,1184,1,-0.162508674959865
"lord zedd",688,24,8,1.25879199829007,382,1349,1,-0.238817385156514
"lou",689,14,19,-0.303303887373384,76,1257,1,-0.213849111949714
"lucca",690,1,22,-5.20574764091221,1238,147,1,-0.135250298169902
"lucky 71113",691,26,6,2.57318047538047,1191,703,1,-0.291838333027874
"luigi",692,9,14,-1.74420877923192,944,799,1,-0.316083021199913
"lunasa prismriver",693,3,12,-3.05946597139373,1016,1129,1,-0.252310564037305
"lupin the 3rd",694,18,22,0.448270073952906,500,148,1,-0.295372150927365
"lynn baker",695,18,7,1.96280669505227,1235,353,1,-0.301094949217685
"magneto",696,25,19,0.982120019715511,1239,353,1,-0.335555197588261
"magus",697,6,39,-2.52789588444202,561,1287,1,-0.186641195456234
"mai",698,6,13,-2.34070294578544,905,1395,1,-0.29578025914782
"mai_k",699,23,2,4.64143138428085,1058,981,1,-0.0795077851856082
"mai shiranui",700,22,8,2.01290962585555,638,265,1,-0.306036775462326
"majin boo",701,0,8,-5.50868809396325,0,51,0,-0.0246153406420406
"majin buu",702,2,46,-4.98763785866753,432,1278,1,-0.122899555235819
"majin vegeta",703,31,16,1.50337157383323,1048,1195,1,-0.498590955698251
"majin vegeta ssj6",704,14,16,-0.324426457661259,1131,333,1,-0.293195063067714
"mako",705,11,17,-0.612565554126243,279,492,1,-0.205354743625636
"makoto",706,10,14,-0.584630411402884,681,138,1,-0.250996345490465
"mamizou",707,2,15,-4.52182815768996,246,1209,1,-0.20219406603325
"manamana",708,1,1,-0.607229002329234,420,719,1,-0.115242732635131
"manbou",709,2,16,-2.53261404593249,153,1053,1,-0.158332712510902
"maraiah",710,24,9,1.318595425605,811,214,1,-0.155836526824005
"marco",711,7,20,-2.74543805880944,405,625,1,-0.207592354319984
"mariah",712,3,25,-2.91389918161794,493,794,1,-0.11688827319286
"marie",713,0,33,-6.65361386987237,0,1207,0,-0.0225757283595217
"marisa kirisame",714,12,0,7.64779992891539,1061,0,0,-0.0345477078069458
"marle",715,1,31,-5.03552541216231,972,383,1,-0.0552782657711891
"marrow",716,62,28,1.83234087782138,691,155,1,-0.364604586419287
"mars people",717,10,12,0.79196624511867,1133,175,1,-0.167883401268894
"marvel spider-man",718,13,15,-0.980304767245609,336,330,1,-0.264517384086328
"marvin",719,38,20,1.32421382403875,891,409,1,-0.416117199527677
"masta gambit",720,13,2,3.39618375413681,1109,36,1,-0.166440771999707
"master chief",721,12,19,-0.315821623953898,304,1379,1,-0.30427240437851
"master hand",722,48,11,2.3968520652509,1048,100,1,-0.308699733403435
"master ryu",723,20,10,1.80434968473527,1331,204,1,-0.18626568279416
"master sakura",724,40,6,4.2157958596526,960,171,1,-0.167527804737326
"mature",725,35,12,1.49813935959588,359,1137,1,-0.251350061158458
"maxima",726,7,34,-2.87063629031421,793,1396,1,-0.183499189428353
"maximum frieza",727,1,30,-4.80065812856175,128,1292,0,-0.0517781181624331
"may",728,5,22,-3.52022863890537,432,1194,1,-0.179472324084462
"mayko",729,3,17,-3.95706878704355,1340,80,1,-0.108914781285976
"mb-02",730,34,3,5.72172463073118,1369,344,1,-0.0864812902118893
"m.bison",731,17,19,0.00398144820437162,1261,620,1,-0.271139313752141
"m. bison",732,40,18,0.988481310596981,545,662,1,-0.259732824351311
"mecha potemkin",733,8,0,5.93113352602652,885,0,0,-0.0268244617476502
"mech gouki",734,23,13,0.501101112404699,1047,243,1,-0.128656250002684
"mech-hisui",735,29,16,2.00534261180981,280,366,1,-0.263281387695925
"mech zangief",736,25,5,3.66687452168381,869,1331,1,-0.294251336812346
"medicine melancholy",737,16,1,3.18114857256914,888,568,1,-0.156463204862055
"medoi-san",738,6,23,-2.16074728409237,40,217,1,-0.180629297590489
"mega and.18",739,0,7,-6.72975052081365,0,6,0,-0.0296283261434757
"mega gohan",740,0,26,-5.95195849280765,0,1310,0,-0.0296993110268944
"mega goku",741,0,8,-4.87584793459187,0,40,0,-0.0219138698030103
"mega lilde",742,10,20,-1.61465100886216,343,1325,1,-0.332628481761018
"megaman",743,10,9,-0.0173989839775358,897,1259,1,-0.337361154893248
"megaman.exe",744,8,20,-1.95856906755305,1047,499,1,-0.235746197733436
"mega piccolo",745,0,30,-5.03197259689063,0,563,0,-0.02237689377818
"megatron",746,21,16,0.500738857788944,1337,779,1,-0.26266817364472
"mega vegeta",747,4,27,-3.31833901709297,355,712,1,-0.22684864309078
"mega weapon",748,32,1,4.38298644777855,679,1034,0,-0.0410092646190755
"megazord",749,0,20,-6.02711270863787,0,612,0,-0.028622079876955
"meirin",750,1,22,-3.38023193833554,1120,685,1,-0.0454412157560898
"mekazawa",751,8,11,-1.25313653243862,399,1005,1,-0.413028451017526
"mephisto",752,24,4,3.73290421164976,368,1054,1,-0.163602234304235
"mestre kame",753,0,24,-5.32913573792838,0,729,0,-0.0245599524121627
"meta-knight",754,13,17,-0.467957195202321,544,677,1,-0.332571852811032
"metallo",755,5,16,-2.17573981585087,944,925,1,-0.311787507235056
"mexican typhoon",756,30,7,3.05422068283073,1251,1322,1,-0.299495871076429
"michaelangelo",757,18,14,0.547853857273975,1023,1081,1,-0.320537710962786
"mickey",758,7,21,-2.49359248776742,819,1325,1,-0.180419573706472
"midler",759,11,20,-1.30204518583432,151,1049,1,-0.166892062929539
"mike tyson",760,26,4,4.16879596638648,1369,1077,1,-0.464091845211102
"miko",761,11,1,3.19910075112493,1110,1208,0,-0.0517610394120396
"milan flare",762,18,11,1.16575103397356,1160,369,1,-0.181056230818469
"millia",763,15,11,0.350307082398435,366,916,1,-0.346326429425409
"mima",764,12,7,1.94115985297548,973,1394,1,-0.388823296003706
"mimic",765,11,15,-0.689698439114884,265,504,1,-0.259297487340543
"minakata moriya",766,9,8,0.876336624107668,194,105,1,-0.211174006791919
"minis mahn",767,14,8,1.25761732746006,374,921,1,-0.397683496742704
"minoriko aki",768,15,3,2.59673519487412,1059,999,1,-0.27847039754598
"mio",769,7,38,-3.23139435229327,58,10,1,-0.142927815843664
"mirai trunks",770,23,12,1.52557796961614,224,921,1,-0.33795850940228
"misery",771,7,30,-2.78830760154163,353,405,1,-0.29929686075737
"mishio",772,32,1,4.47561863784768,634,868,1,-0.127473074179907
"missmarvel",773,22,13,0.799396645332634,1008,366,1,-0.161459682345316
"misty",774,46,12,1.93110788984961,1189,206,1,-0.407185685973881
"miyako yoshika",775,9,5,1.69598207287861,668,770,1,-0.238878530978768
"miyazato erika",776,2,33,-3.73464583600952,854,1329,1,-0.115579723400654
"modoi-san",777,3,27,-4.31193923595696,246,1240,1,-0.151183859066774
"mokou",778,3,14,-2.58055029768402,1186,1333,1,-0.276646040920987
"moleman",779,19,12,0.713836425803928,538,1186,1,-0.224734365580154
"momizi",780,4,11,-1.60886847104712,40,385,1,-0.164635794984207
"mongul",781,26,3,3.80844865315632,118,127,1,-0.130754464943964
"monky d luffy",782,6,15,-1.64432294126663,378,1237,1,-0.127577756752093
"moorhunn",783,6,19,-2.26495181042352,168,1175,1,-0.366569992068891
"mora",784,0,12,-5.56170894225767,0,413,0,-0.0248401577934791
"moraga",785,11,0,5.56586786293065,1196,0,0,-0.0253687231424065
"mordecai",786,12,9,0.372103117891985,1076,1288,1,-0.224971424042733
"morfo",787,10,13,-0.456604980985131,1088,837,1,-0.242910722281462
"morgiana",788,1,16,-4.70608853742668,921,555,1,-0.266329311254495
"morph",789,24,10,1.65397824447028,1082,336,1,-0.25542565987901
"morrigan",790,33,19,1.31690577599846,933,982,1,-0.254321508959088
"motokoaoyama",791,4,26,-2.76436111734812,424,85,1,-0.137658495261778
"mr. bison",792,11,22,-1.41540233393062,499,409,1,-0.163805319045848
"mr burns",793,8,21,-1.81244123061764,394,726,1,-0.643466107797831
"mr buu",794,5,17,-2.28417599644288,317,1083,1,-0.148669868082576
"mr. fantastic",795,16,13,0.22542334105425,290,798,1,-0.220167532359024
"mr. increible",796,13,19,-1.54085863485368,361,663,1,-0.292169439200955
"mr.karate",797,17,10,0.602065356965517,1007,307,1,-0.286723584659973
"mr satan",798,13,10,0.523129767626117,1008,1288,1,-0.279496054241166
"mr.satan",799,6,30,-2.70522230194263,340,1326,1,-0.227091594752765
"mr. x",800,1,0,2.59385857285032,591,0,0,-0.0116292037417674
"ms. fanservice",801,35,5,3.13256029128972,357,171,1,-0.239993744972857
"mugetu",802,16,2,4.02424967798976,887,195,1,-0.0748774841881963
"mukai",803,19,14,1.54335270028691,1054,602,1,-0.333841713268161
"multiple man",804,17,9,1.70315739363352,568,129,1,-0.311768701259659
"munch",805,1,28,-4.62333991514505,51,1252,1,-0.0888092244342557
"murasa",806,4,12,-2.25239704392713,1184,975,1,-0.228204446209218
"musashi akatsuki",807,20,11,1.56937825993468,450,559,1,-0.257279084620531
"m-vegeta-ssj3",808,4,3,-1.4085734340771,754,2,1,-1.10805430144678
"myon",809,0,19,-5.11980982430772,0,526,0,-0.0231272130896133
"mystia",810,1,18,-3.86632512490806,1256,110,1,-0.179116635221634
"mystique",811,18,14,0.601663257390759,1336,1176,1,-0.220222699427459
"myuu",812,17,5,2.03420160132419,204,933,1,-0.179347248967596
"nachi",813,22,7,2.29408774936738,46,944,1,-0.357890327331704
"nagae iku",814,7,1,4.64143459680979,1362,1061,1,-0.0978226894216242
"nagato yuki",815,18,8,0.799626466025268,1112,385,1,-0.327734828187253
"nail",816,1,2,-0.838033863590349,259,152,1,-0.58510795833909
"nakoruru",817,33,10,2.24667195691805,955,1239,1,-0.167821804275043
"namazu",818,12,0,3.97299320071896,1021,0,0,-0.0185473973184804
"namek gohan",819,14,20,-2.25003451459029,471,416,1,-0.449422819306009
"namor",820,13,16,0.11600795943203,144,145,1,-0.28492423969282
"nanase(+d)&mayu",821,4,17,-3.45577354354716,1237,430,1,-0.248880125871605
"nanaya",822,8,27,-2.3321619429246,1364,562,1,-0.211492014378042
"nanaya shiki",823,13,12,0.207375577137528,238,353,1,-0.317454067186788
"nanoha takamachi",824,8,6,1.06074655858972,610,190,1,-0.201136797474071
"nanoha xp",825,20,0,7.30331039937941,632,0,0,-0.0334429762156228
"naruto",826,14,33,-1.72316610917085,1136,40,1,-0.256869669682671
"naruto kun",827,29,5,3.58009810600745,36,1048,1,-0.108997750125042
"nate summers",828,8,18,-0.872599068020788,1301,119,1,-0.348837584454852
"natsu",829,9,6,-0.177163152508627,1060,153,1,-0.331543610839888
"nayuki minase",830,8,12,-1.5930035109528,899,540,1,-0.411152341423884
"nazrin",831,21,0,5.7847095206367,278,0,0,-0.0270582279348432
"neco",832,15,9,0.31175680363028,315,704,1,-0.28746489785763
"neco-arc",833,27,0,5.70150881990393,69,0,0,-0.0271220955083109
"neco-arc chaos",834,18,13,0.232588797130028,1143,332,1,-0.169895787779643
"neco chaos",835,19,19,-0.262853645949605,366,1272,1,-0.274967921043108
"nega joe",836,30,11,1.89465411693628,1082,909,1,-0.213170064593951
"neji",837,21,29,-0.815404428233131,143,1070,1,-0.245915194413738
"nemesis",838,2,11,-2.2400606330443,652,251,1,-0.34343128272945
"nenaikodareda",839,6,18,-1.83031687175373,1333,1287,1,-0.205445205526051
"neodio",840,11,13,0.439788630185109,179,1139,1,-0.313842572217082
"neo-sephiroth",841,2,0,5.03750812093726,252,0,0,-0.022580483216788
"nero",842,48,2,3.769562923545,1360,1337,1,-0.134728450128036
"neyufeulle",843,5,22,-1.78420449743726,286,426,1,-0.154256764655202
"nick fury",844,0,3,-5.67779891935047,0,1341,0,-0.024804492713798
"nightcrawler",845,18,9,0.679478934606249,544,944,1,-0.309305389760296
"nightmare",846,1,27,-3.60080884577018,80,40,1,-0.086675363101681
"nightmare yamazaki",847,11,23,-1.45869514992189,1257,250,1,-0.299092457963046
"nightwing",848,5,21,-3.16984326907232,502,628,1,-0.362419201351733
"nightwolf",849,19,6,1.86960498480639,252,996,1,-0.184664356984673
"ninja megazord",850,16,13,0.318942404275166,521,854,1,-0.342358040301208
"nitori",851,2,13,-3.18063211085033,1166,1129,1,-0.30546767646728
"nmori yagami",852,3,0,4.61950958280715,273,0,0,-0.0203316733253547
"nobuhiko",853,5,24,-2.6757345252323,905,48,1,-0.190506371287956
"nobunaga",854,6,41,-3.05766760351257,36,776,1,-0.387496804809252
"noriaki kakyoin",855,16,16,-0.0301565816692251,1186,361,1,-0.243201295695332
"norimaro",856,2,26,-4.04855660836988,972,491,1,-0.0565394075755836
"normal chibi trunks",857,1,4,-1.31278744324224,1049,107,1,-0.158778765007482
"normal freeza",858,5,0,4.51069247404906,225,0,0,-0.0210084213709324
"normal sword trunks",859,0,2,-3.41946991783644,0,986,0,-0.0161162634098298
"normal trunks",860,1,2,-2.19236755803595,1310,845,0,-0.0448407021392852
"noroko",861,4,25,-3.34650125283131,1120,1248,1,-0.0643143761893483
"nostalgic ballz",862,1,0,2.50609698103722,505,0,0,-0.0112990342299019
"nrvnqsr chaos",863,49,14,2.37299715786513,1048,243,1,-0.260389204141679
"nue houjuu",864,1,13,-3.59147844621548,47,1005,1,-0.123572156672831
"nyaonyao",865,0,32,-4.91522697442106,0,288,0,-0.0227398109007438
"obsidian",866,5,6,-0.086750141311157,124,732,1,-0.206369692663268
"ogitafanada",867,2,30,-3.44784075422145,1121,839,1,-0.0710937477726661
"ogre",868,23,7,2.11332314914951,772,605,1,-0.28908610078658
"ogre akuma",869,36,3,4.48119408100499,1067,171,1,-0.175792148997344
"ojisama",870,7,16,-0.601896856496684,100,515,1,-0.216609352259467
"ojisama-chaos",871,9,20,-2.74235800101857,155,904,1,-0.233399825711235
"_old_bison",872,9,2,2.90265840281205,894,1336,1,-0.262528333260369
"_old_blob",873,7,2,3.04227805596681,638,490,1,-0.123673853802032
"_old_cell junior",874,0,5,-4.16869923855527,0,286,0,-0.0191960563723561
"_old_gray fly",875,0,17,-6.49013928511701,0,1357,0,-0.0303021377983592
"_old_insane hiryu",876,9,1,2.79334762997193,700,995,1,-0.246399977123171
"_old_li sheng long",877,6,0,6.2893272155504,1199,0,0,-0.0292226592632902
"_old_nail",878,27,2,5.77464807105541,1006,436,1,-0.2535180169215
"_old_nobunaga",879,8,3,3.96110366742089,634,1236,1,-0.177459973829115
"_old_solid snake",880,0,5,-5.49656648132104,0,413,0,-0.0252057768594888
"_old_zeroko",881,0,3,-6.0384785227165,0,954,0,-0.0262331023821925
"omega",882,2,0,4.05260227354933,952,0,0,-0.0178657928541782
"omegamon",883,1,32,-3.94931447376304,612,540,0,-0.0398598133010073
"omega red",884,26,28,-0.67904981738045,1239,1223,1,-0.328090503406929
"omega tiger woods",885,28,6,3.93614669330147,1173,589,1,-0.113787393541929
"omega tom hanks",886,2,0,3.28789512102788,274,0,0,-0.0156651739530192
"onpu segawa",887,23,6,3.13351288582873,220,1191,1,-0.190479877528667
"onslaught",888,42,11,2.49939500800842,914,17,1,-0.181721030153637
"oozaru",889,14,17,0.325141796778976,989,1144,1,-0.216517427007161
"ooze-o",890,20,2,4.181444040037,898,1274,1,-0.154231589975392
"oozura bebi",891,21,3,3.05460076669139,444,719,1,-0.20333067793191
"oozura vegeta",892,8,2,0.608338350066056,947,174,1,-0.0538785865444839
"opera elmer",893,22,9,1.556692747807,1160,668,1,-0.206090325439136
"orchid",894,24,4,2.96837261967737,1235,638,1,-0.180377293192438
"ore",895,10,29,-2.45166503475868,399,523,1,-0.290663512015425
"orione",896,16,16,-0.452264859433664,1288,140,1,-0.240306702380247
"orochi",897,17,13,0.29511250892088,187,743,1,-0.205026209459961
"orochi akuma",898,15,1,4.50902011670214,589,890,1,-0.116613476573984
"orochi iori",899,12,16,-0.0810800066423786,1008,830,1,-0.362000570741012
"orochimaru",900,16,7,1.58496976458947,223,1273,1,-0.255155556872024
"orochi vega",901,28,9,2.62798891250461,322,803,1,-0.24630611863257
"ossan",902,23,0,4.8538643518819,65,0,0,-0.0218093983099267
"overlord",903,34,4,3.7872296485421,635,150,1,-0.261225912677989
"pachet",904,4,24,-3.13865820838973,1047,295,1,-0.214468810601187
"pan",905,21,44,-2.06586828407273,1306,1055,1,-0.380206441993478
"parasite",906,16,16,-0.730335807963331,974,1169,1,-0.227405450888852
"patchouli",907,44,1,4.35212479195356,169,500,1,-0.103988448203117
"patchouli_swr",908,19,1,3.89168117626713,464,1362,1,-0.107118851791807
"paul phoenix",909,16,10,0.8166374348353,836,602,1,-0.296573879180069
"p. chunli",910,22,12,1.34977542192342,1277,995,1,-0.261514477741073
"pengintou",911,2,21,-2.96604211379376,1005,871,1,-0.132969870376415
"pepe",912,15,9,0.330368589192867,328,937,1,-0.395674420732663
"perfect cell",913,19,8,2.15939067496735,903,62,1,-0.377809566959346
"perfect storm x",914,36,5,3.45400807192353,1358,1337,1,-0.207322171874368
"peter",915,9,24,-1.58914928967549,1180,145,1,-0.246779129142917
"petshop",916,6,22,-2.42959359046318,763,373,1,-0.324607523013608
"p-gohan ssj2",917,1,6,-2.48071055627534,1184,505,1,-0.286650133611585
"phobos",918,8,5,-0.0631302375565831,272,824,1,-0.189208870713561
"phoenix",919,24,41,-1.18230269898235,580,277,1,-0.278073149603111
"picapiedra",920,11,22,-1.001000168486,502,574,1,-0.32566421546715
"piccolo",921,20,29,-0.630549915586886,1189,264,1,-0.628608866625625
"piccolo daimaoh",922,3,22,-2.93575218795236,1256,157,1,-0.132562310196813
"piccolo sb1",923,0,5,-6.81145415083007,0,93,0,-0.0304630878037952
"picurin",924,17,15,-0.210350057499714,105,1221,1,-0.337162706049039
"pikachu",925,9,48,-2.33586211278312,1237,1159,1,-0.230910140938072
"pitt",926,16,16,-0.348834921496534,1288,1113,1,-0.22978337507715
"pizza",927,8,25,-2.12335380272165,986,136,1,-0.35361388060106
"plastic man",928,9,25,-2.18765078923947,847,11,1,-0.272268321858014
"poison",929,7,23,-2.2867533906172,265,925,1,-0.224716260427617
"polaris",930,6,22,-2.71459878665579,1106,499,1,-0.185404180000729
"polnareff",931,2,26,-3.79411911122092,1348,330,0,-0.0439670872841258
"popeye",932,30,28,0.379451509206115,224,1259,1,-0.246849971127906
"poppy",933,25,7,2.03668300115713,1236,290,1,-0.318351246470335
"possessed heita",934,77,22,2.49184090633142,646,245,1,-0.260668975777689
"potemkin",935,8,16,-1.24737920879023,1257,919,1,-0.238648059694345
"powergirl",936,15,6,1.8755387140118,966,14,1,-0.359346835364468
"predator",937,12,19,-1.6893519928344,912,1118,1,-0.273317483160159
"prime sentinels",938,2,0,3.83266085381527,1231,0,0,-0.0177732135663206
"princess peach",939,8,25,-1.85004264166744,1322,1210,1,-0.214049493929424
"princess silver",940,8,3,3.1574356126845,156,1173,1,-0.233109380645493
"prince vegeta",941,12,16,-0.501075579713635,171,402,1,-0.342429718355249
"professor x",942,17,6,1.44784433970357,1347,358,1,-0.240864720168928
"protoman",943,13,13,-0.754384515176484,921,1287,1,-0.320215468698077
"psychopath kyo",944,23,40,-1.06070373567907,813,495,1,-0.479121493460602
"psycho weapon",945,14,17,-0.658650625278438,662,184,1,-0.28636228609154
"psylocke",946,12,26,-2.07455804821802,561,1046,1,-0.234323837549378
"punisher",947,10,23,-1.88464772786724,305,625,1,-0.232525215193458
"pyro",948,25,12,1.96417133805091,597,366,1,-0.328299873341319
"pyron",949,12,2,3.32626303582378,1324,545,1,-0.21290500476797
"queen beryl",950,3,16,-3.61954187571423,625,1388,1,-0.168177286169032
"quicksilver",951,13,14,0.0908704026450985,1041,561,1,-0.32553306052488
"radel",952,19,9,0.781540855465276,639,315,1,-0.213399615388186
"radish ssj4",953,32,0,6.11697024717393,98,0,0,-0.0303906152785089
"raditz",954,10,23,-3.05038880231226,1354,408,1,-0.159573046489206
"rai",955,31,16,1.4496818079075,988,366,1,-0.229551048760394
"raiden",956,39,22,1.02706680125574,1304,353,1,-0.331032669011051
"rajaamaki",957,29,8,1.9595367515261,1101,243,1,-0.249561791287282
"rajaayuri",958,29,11,2.39139071897029,465,716,1,-0.258890862899179
"ralf",959,8,2,1.39517519861275,955,1231,1,-0.360368501713306
"ramon 71113",960,31,2,4.91461801308518,724,1322,1,-0.248216105424107
"randy m. green",961,24,5,3.31718565577734,1189,20,1,-0.203474100288084
"ranma saotome",962,11,27,-1.68208210017228,1259,928,1,-0.172080431181308
"ran yakumo",963,11,0,4.61911797888652,934,0,0,-0.0212385160181649
"raoh",964,12,13,0.216152160189127,1085,1213,1,-0.316514923996766
"raphael",965,15,15,-0.0947049408149913,171,608,1,-0.305855085745453
"raptor",966,22,5,2.14136607171082,567,662,1,-0.268148332625148
"rare akuma",967,24,0,6.97451947116395,199,0,0,-0.0255025804853216
"rasetsumaru",968,23,7,1.55143425939446,325,1007,1,-0.199268553967171
"rayman",969,6,26,-2.47017416582487,270,1248,1,-0.271736399600547
"_real_kyo",970,18,6,2.42549043166481,934,598,1,-0.171741744077128
"recoom",971,4,21,-2.18459379786084,1287,997,1,-0.153487884657102
"recoome",972,1,30,-5.51934054205734,1338,715,1,-0.124094815661031
"red cyclone",973,21,8,2.07175724947981,164,353,1,-0.34001109510767
"red ranger",974,13,8,0.393510644277989,1112,906,1,-0.294818920745755
"red tornado",975,7,16,-1.68077692750567,1174,1228,1,-0.440814538948486
"regina",976,21,13,-0.0794454107354999,815,1136,1,-0.236348729378999
"reimi jyahana",977,3,20,-2.54841158425607,422,1132,1,-0.294295080805714
"reimu",978,10,16,-0.742933673923456,1081,1259,1,-0.320382509723698
"reisen",979,0,13,-6.08518643481725,0,1340,0,-0.0267648717644189
"reisen_swr",980,19,3,3.37006082754252,646,1107,1,-0.16373360170866
"remilia",981,40,2,5.4740596231932,69,355,1,-0.182593188246419
"renamon",982,19,12,0.799751492513139,218,272,1,-0.27743113139536
"ren_idagawa",983,0,14,-5.47477720063895,0,861,0,-0.0249123091812272
"reptile",984,24,3,2.94865023346249,913,703,1,-0.206018336112298
"reptos",985,22,9,1.18598189684071,1099,1257,1,-0.262682948116728
"rhadamantis",986,17,11,0.147745866447018,537,927,1,-0.371536421827644
"rhino",987,6,27,-2.68714393030271,627,387,1,-0.249321021774735
"rikuo",988,23,7,1.85806812164197,1239,955,1,-0.250121343392109
"rimle",989,20,15,0.512753840970043,227,653,1,-0.275547907408398
"rimururu",990,12,6,1.34612382445285,1266,198,1,-0.271444551809104
"rinfa",991,5,26,-2.71496190538223,1070,50,1,-0.212507491618825
"rin natsume",992,8,0,5.00557811508332,501,0,0,-0.0228455226184713
"rin rin",993,16,0,5.99301565005019,70,0,0,-0.0285407425850376
"riot",994,19,9,1.38323051589506,1000,385,1,-0.290495442137595
"r. lilith",995,31,13,1.72409866714796,876,56,1,-0.285980804941206
"roa",996,25,7,2.02857456669501,849,537,1,-0.217056972783575
"robert",997,8,19,-1.55738837902713,718,1120,1,-0.261168844332676
"robert garcia",998,4,11,-2.76538171285955,512,1121,1,-0.457094892418728
"robin",999,25,9,1.72355423993898,768,1056,1,-0.294166773650111
"robocop",1000,16,9,0.96540848478494,764,625,1,-0.456273866211619
"robo-ky",1001,10,27,-1.61922335769199,1186,5,1,-0.224071883063804
"robo-kyii",1002,9,23,-1.97777284379587,1144,499,1,-0.212058433978333
"robo rock",1003,17,10,1.4051311858403,1023,1318,1,-0.230597454321718
"rock",1004,28,8,1.99352213553215,530,1239,1,-0.199822358626781
"rock howard",1005,9,27,-2.07056417807815,751,911,1,-0.220563557431846
"rock volnutt",1006,41,4,5.05558685452078,326,503,1,-0.106403622022017
"rogue",1007,46,32,1.03358841160559,36,1394,1,-0.347357242160466
"roll",1008,53,34,0.968175944032531,57,205,1,-0.436534200835539
"ronald",1009,30,0,6.58522848224611,394,0,0,-0.0298149756347203
"rorschach",1010,2,17,-3.6357700953911,1118,452,1,-0.180776807842714
"rose",1011,8,27,-2.20294745422453,399,697,1,-0.271162108329536
"rouga(coh)",1012,14,3,4.22354240274368,1102,454,1,-0.326511645998854
"rouga_zanma",1013,0,17,-5.27420028380248,0,1132,0,-0.0239648804463476
"rouge",1014,0,30,-5.70229129875774,0,90,0,-0.0259573815867083
"rubber soul",1015,4,21,-2.99011736775123,420,853,1,-0.136432252683785
"ruby heart",1016,7,20,-1.80167555490155,1394,693,1,-0.253068114611237
"rugal",1017,23,10,1.75076578336386,638,315,1,-0.333203844414625
"ruili",1018,1,13,-4.19737680450672,35,1157,1,-0.0706113661220368
"rumia",1019,12,1,3.28926943581247,513,1035,1,-0.232343280394228
"rusty",1020,6,26,-3.34100678382481,1203,1055,1,-0.225344772324659
"ryo",1021,19,11,1.93491317401624,234,439,1,-0.16390850009059
"ryoko asakura",1022,15,0,5.03870755184314,1048,0,0,-0.02306094488923
"ryu",1023,111,42,1.67232494884973,503,1237,1,-0.311069281267354
"ryu hayabusa",1024,12,24,-1.96367462732439,265,1285,1,-0.268573505747232
"ryuho",1025,2,0,2.39739030983677,1188,0,0,-0.0117630643215358
"ryu plus",1026,26,7,1.46403746478668,171,615,1,-0.178307632805541
"ryuuguu rena",1027,19,2,3.23134267230064,1362,1305,1,-0.12137656267537
"ryuuoutan",1028,15,15,-0.0250858120277682,89,332,1,-0.310834288129203
"saba",1029,12,17,-1.06756899959361,143,637,1,-0.39860828789711
"sabretooth",1030,14,12,0.680624237754559,1331,1226,1,-0.251610619197667
"sad claps",1031,22,6,3.25504054869881,281,722,1,-0.198637436334185
"sagat",1032,13,9,0.519666052450086,175,1148,1,-0.329582788063295
"saibaman",1033,0,4,-3.5308393767725,0,884,0,-0.0162300002724119
"saiki",1034,24,0,5.46909880557002,748,0,0,-0.0258049212530764
"sailor jupiter",1035,31,18,1.14621944472681,1019,1296,1,-0.482254546638622
"sailor mars",1036,15,16,1.07312577331646,382,290,1,-0.2632997235933
"sailor mercury",1037,16,14,0.00815544454399202,899,965,1,-0.275021602126658
"sailor moon",1038,10,19,-0.742217683433964,535,625,1,-0.37349817349071
"sailor neptune",1039,1,8,-2.99102585380775,507,48,1,-0.160147190652663
"sailor uranus",1040,12,1,4.51443747717098,1107,1178,1,-0.162224520649518
"sailor venus",1041,31,9,1.3232390427963,256,951,1,-0.256838341341734
"saint kyo",1042,39,3,4.81819666158854,1102,285,1,-0.266159791274618
"saisyuu_dokusyo_bouei_system",1043,10,0,6.04243625839929,1062,0,0,-0.0290763540846165
"saito",1044,20,6,2.52463360143141,291,1133,1,-0.234146011399959
"sajin",1045,2,25,-3.49236137000495,215,1341,1,-0.120543183070196
"sakon",1046,7,28,-2.12436186391214,1327,1281,1,-0.173731286504545
"sakura",1047,58,48,-0.247586540913429,1048,904,1,-0.592579280303904
"sakura kinomoto",1048,86,17,3.48329993394539,1320,1047,1,-0.250857602735707
"sakura shingouji",1049,7,26,-2.19062287074892,759,1024,1,-0.251709629840467
"sakuya_swr",1050,7,1,3.80599472821448,367,280,1,-0.193985200788326
"salty goku",1051,14,12,0.331908464368695,1035,989,1,-0.232862615690657
"samurai jack",1052,10,18,-2.00875339930012,265,373,1,-0.37117149237025
"sanae",1053,6,18,-1.69814634258701,1275,215,1,-0.268283659184838
"sandman",1054,54,8,3.49447346683395,752,45,1,-0.260907086885404
"sango",1055,3,27,-3.8160540172381,905,47,1,-0.21279784205353
"sangoku",1056,7,4,1.03701155992532,999,627,1,-0.335226720514335
"sanzou_kongoumaru",1057,1,16,-4.00808989409488,51,625,1,-0.107578221408464
"saori - athena",1058,35,7,3.86648845566812,1367,388,1,-0.217147073442896
"sasquatch",1059,21,4,3.23866521787121,1048,768,1,-0.171538590074773
"sasuke",1060,21,35,-0.714622792861815,374,1296,1,-0.350683899078388
"sasuke kun",1061,27,2,6.03437792764098,326,394,1,-0.102423844605474
"satoko",1062,15,1,4.61259726591138,558,1043,0,-0.0534711962101531
"satori",1063,0,18,-4.56033781410825,0,50,0,-0.0213525460525844
"satsuki",1064,25,7,2.62569184440268,1048,450,1,-0.21787570098403
"satsuki yumiduka",1065,19,11,1.3821089915728,256,318,1,-0.229640292366349
"saya",1066,2,17,-4.48887567814486,1238,263,1,-0.178885902533691
"sayuri kurata",1067,14,2,3.8115802935815,1360,869,1,-0.109012230804393
"scarecrow",1068,14,6,1.43237707198123,617,767,1,-0.178763578977681
"scarlet witch",1069,3,9,-1.55837864482288,574,633,1,-0.232612752960473
"scorpion",1070,16,43,-1.92941003619749,254,1212,1,-0.295434492177803
"scream",1071,30,11,1.63162278132385,1170,561,1,-0.246263945796517
"sean matsuda",1072,14,12,0.343054365967065,732,1047,1,-0.211330329436415
"segalow",1073,41,7,2.90066781424845,65,227,1,-0.187048534193274
"senna vp",1074,22,11,2.25313984331408,583,668,1,-0.27122596502869
"sentinel",1075,27,5,3.37768516013092,127,1277,1,-0.14972247389123
"sentry",1076,27,29,-0.0746539577735436,1387,184,1,-0.318021035108143
"sephiroth",1077,2,10,-3.95433356966621,760,582,1,-0.702288747042096
"seravy",1078,11,0,5.52858737545165,1067,0,0,-0.0256237112073999
"serika",1079,11,2,4.22242854620018,1191,265,1,-0.6380928168729
"servbot",1080,14,2,3.46999998536021,691,482,1,-0.153552579029926
"seth",1081,27,22,0.0788772523526843,757,978,1,-0.354828981722999
"setsuna",1082,20,5,2.25265618057099,161,366,1,-0.293628168022355
"shadir",1083,7,30,-2.83187834093152,794,1238,1,-0.221584580292695
"shadowcat",1084,13,17,-1.36988812313406,1047,192,1,-0.324402200910293
"shadow dio",1085,28,3,3.8406341634678,482,964,1,-0.286763888266052
"shadow lady",1086,15,0,5.64811004922793,885,0,0,-0.0257353834402303
"shadowman cfas",1087,20,2,2.8299691857941,234,1234,1,-0.0921060334830465
"shadow vegeta",1088,11,18,-0.71475461027457,31,787,1,-0.18793821160078
"shanghai",1089,16,3,3.95161249322485,127,382,1,-0.221658616113794
"shangtsung",1090,2,28,-3.23413278745682,184,354,1,-0.171804556214894
"shaoran lee",1091,21,12,1.37117935394651,863,431,1,-0.295603553697892
"shaq",1092,42,19,1.65573645536173,17,323,1,-0.20126799122555
"she-hulk",1093,8,13,-0.269700382897784,1142,1116,1,-0.224561790428914
"shen",1094,4,12,-3.18036863619128,1282,354,1,-0.195241952902086
"shermie",1095,11,4,1.61604374072972,1035,1191,1,-0.118328819453368
"shikamaru",1096,1,21,-2.9361265170683,522,796,1,-0.0787320697861268
"shikieiki yamaxanadu",1097,10,11,0.417053400009677,399,909,1,-0.183039477732604
"shiki tohno",1098,28,10,1.89159654596689,1133,602,1,-0.249818814284656
"shiki vp",1099,27,11,1.8584154146776,55,560,1,-0.337010903620415
"shin bison",1100,15,12,-0.255778108338707,328,33,1,-0.335368596475391
"shin gouki",1101,46,17,2.3185490266956,252,1317,1,-0.191718260520989
"shin kazuma",1102,29,8,4.24184271870714,195,1012,1,-0.211619855970541
"shin mr. karate",1103,6,6,0.997365762992913,1072,638,1,-0.141102966557476
"shino",1104,11,15,-0.911047103768605,76,1301,1,-0.203209520688193
"shin ryu",1105,12,27,-1.36756574276119,240,345,1,-0.188765922047269
"shin scrub ken",1106,6,22,-2.24868087319075,334,637,1,-0.385262580104951
"shiori misaka",1107,16,4,3.01829160210878,980,29,1,-0.190114625902605
"shishio",1108,30,1,4.46488461127458,1362,326,1,-0.0562942857928805
"shizuha aki",1109,16,2,2.7670388808198,1387,720,1,-0.104238386824745
"shocker",1110,25,15,1.33471013052382,197,1322,1,-0.335604641067253
"shuh",1111,0,19,-4.40493995131275,0,673,0,-0.0200345608027261
"shuma gorath",1112,85,36,1.73971376032541,1085,153,1,-0.332056805429374
"shun",1113,7,18,-1.75856705217174,926,401,1,-0.259981284627748
"silver horns",1114,8,16,-0.951410777105239,1035,39,1,-0.313251781693707
"silversamurai",1115,37,0,5.75162390539541,869,0,0,-0.0215988894496791
"silver samurai",1116,17,22,-1.03009645982658,1093,192,1,-0.287635183943616
"silver surfer",1117,25,8,2.30695785891678,598,1047,1,-0.246440525954901
"simba",1118,7,31,-3.25215699304371,608,644,1,-0.35918523354833
"simonkin2005",1119,9,23,-1.78196172808206,1213,650,1,-0.20289577169668
"simonkin2006",1120,1,30,-4.5518400932142,997,47,1,-0.152646573840078
"sinestro",1121,4,10,-4.10291453020308,998,1243,1,-0.279126150218628
"sinki",1122,4,16,-3.70909149179973,353,26,1,-0.344322008931573
"sinku",1123,3,27,-4.10625605868672,26,1055,1,-0.131401183452856
"sion",1124,30,7,1.85905682402989,700,198,1,-0.189183295575369
"sion_tatari",1125,8,14,-1.25452669136275,361,1220,1,-0.298039290219044
"sissy",1126,26,6,2.94251357827326,439,262,1,-0.191666401249982
"skeletor",1127,8,19,-2.08772107004649,477,1090,1,-0.282226541140467
"skull-man",1128,8,22,-1.49158520574862,1213,630,1,-0.283518771940707
"slayer",1129,9,21,-2.8779128432429,711,445,1,-0.265852064069202
"(sman)",1130,11,12,-0.618047165804103,417,1201,1,-0.317152472819822
"snake eyes",1131,22,7,1.99900621883013,64,704,1,-0.330554620192414
"snoopy",1132,4,20,-3.20675444167161,977,1212,1,-0.174861227971484
"sodom",1133,23,7,1.73591960778575,1044,717,1,-0.258793192150015
"sol",1134,2,24,-3.22213228902194,1204,451,1,-0.0616789964732496
"solid snake",1135,15,8,1.0663923045254,170,625,1,-0.323058847295966
"son gohan",1136,31,31,-0.340720437820274,1239,1232,1,-0.398847133316992
"son goku",1137,23,15,0.591937141867309,725,1076,1,-0.22754050320065
"songoku-snk/sf",1138,1,7,-4.03875063651834,625,1165,1,-0.245447807221102
"sonic",1139,28,22,-0.326899853823569,1317,895,1,-0.325803384843561
"sonic machine",1140,23,9,2.04788537800184,237,1269,1,-0.314586828839627
"sonson",1141,33,2,4.54031105986663,550,394,1,-0.0602270586232651
"son trunks",1142,10,18,-0.472205302547575,165,265,1,-0.23869425652687
"sophitia",1143,29,32,-0.373412304598418,1160,1206,1,-0.294056638381534
"sora",1144,9,12,-0.93364626287364,889,1212,1,-0.408463721471672
"soujiro",1145,17,10,1.67417403115087,1304,803,1,-0.294696705500941
"soulgen",1146,24,6,2.92819115807013,1251,161,1,-0.181515651003755
"sparta_heika",1147,1,26,-4.45976353242385,1292,1329,1,-0.0605642199723453
"spawn",1148,31,42,-0.733990842943044,716,9,1,-0.391320487933417
"spelunker",1149,0,1,-2.52292565104359,0,1239,0,-0.0118404374162382
"spelunker sensei",1150,0,1,-7.44669050727838,0,434,0,-0.0340178680361793
"spenoza",1151,9,18,-1.97444097236106,1053,1223,1,-0.246622705620832
"spider-carnage",1152,5,6,-0.361247240252363,946,989,1,-0.084027887121394
"spider girl",1153,7,24,-1.91164626323778,1322,202,1,-0.239916502934831
"spiderman",1154,31,10,2.00378017333925,1398,568,1,-0.18002929832801
"spider-man 2099",1155,18,21,-1.00064172253213,355,1332,1,-0.320380988724506
"spiral",1156,29,1,5.12133697715608,394,179,1,-0.17069778071664
"sponge bob",1157,7,43,-2.57927006991383,1233,135,1,-0.260409339821949
"spopovich",1158,0,1,-5.87509971676959,0,673,0,-0.0262380888479153
"s.p.o. ryu",1159,4,21,-2.54721619790537,925,848,1,-0.172314294248442
"squall",1160,49,21,1.62077706487241,691,1143,1,-0.337282312577674
"ssj3 goku",1161,6,4,0.730452369415641,179,790,1,-0.231577984766214
"ssj4gohan",1162,5,32,-2.90848186765,663,791,1,-0.145694564121434
"ssj4 goten",1163,11,12,-0.29050395386279,105,40,1,-0.40515033057556
"ssj5 goku",1164,35,2,4.44909671604562,24,199,0,-0.0467023702225504
"ssj gohan",1165,6,25,-2.77293363904521,1288,1194,1,-0.284696530545663
"ssjgoku",1166,10,16,-1.18792443126646,14,851,1,-0.312344320942914
"ssj goku",1167,11,21,-1.48842886108432,652,1184,1,-0.243390485817213
"ssj three broli",1168,20,7,1.36653494450371,334,1288,1,-0.205564141264002
"starfire",1169,9,14,-1.38360523850508,906,1084,1,-0.241308002527791
"steel",1170,27,11,2.05506050613272,454,428,1,-0.319375577347973
"storm",1171,13,18,-0.672556178702007,196,483,1,-0.327622128665765
"strider hien",1172,22,13,0.704290978061377,1137,602,1,-0.210670136301605
"strider hiryu",1173,23,3,3.66026971885081,940,161,1,-0.159036996238101
"strong guy",1174,30,20,0.149072841357616,716,975,1,-0.361152020445313
"sub zero",1175,2,30,-4.17246816790449,783,7,1,-0.141477898393856
"sub-zero",1176,14,9,0.888658708423686,684,141,1,-0.299208104632691
"suigintou",1177,0,32,-5.72617920317431,0,1229,0,-0.0262861813186637
"suika",1178,16,2,4.3784029954163,1040,1271,1,-0.312370904008673
"suika ibuki",1179,7,0,4.14499788671962,252,0,0,-0.0194761455128967
"super #13",1180,14,15,-0.415651182418241,556,915,1,-0.212270860282397
"super-8",1181,23,14,1.1703124720034,934,265,1,-0.330934735322109
"super androide 17 hd",1182,28,1,4.83870161218404,736,66,0,-0.0363741068384515
"super boo",1183,6,25,-3.41162464520048,422,1010,1,-0.285883306832043
"superboy",1184,15,37,-1.83778366357275,919,917,1,-0.281129401943342
"super buu",1185,17,7,1.14163775572956,541,1238,1,-0.300653788925734
"supergirl",1186,23,28,0.0160054621001641,29,778,1,-0.447256447842454
"super goku",1187,23,2,2.94655590152769,388,1023,1,-0.13261300552621
"superman",1188,41,71,-1.38085563763137,1047,494,1,-0.314040192616095
"super mario",1189,40,9,2.4745864245054,1140,921,1,-0.269505157753422
"super metroid",1190,20,2,3.81497217726511,497,868,1,-0.186932780237671
"super skrull",1191,51,11,2.56734005212831,887,683,1,-0.28254035491783
"super soldier",1192,18,11,0.294754337420629,252,184,1,-0.283287410827209
"super sonic",1193,9,20,-1.02076840389606,422,1223,1,-0.362970010798724
"super vegeta",1194,2,22,-3.39583374569553,1165,420,1,-0.154558908218031
"suwako moriya",1195,2,10,-1.30978496923653,703,1038,1,-0.346010430635088
"syaoran",1196,12,2,3.52602229681042,567,672,1,-0.111390044161095
"sylphie",1197,8,21,-0.714739794372055,1136,391,1,-0.257365777749354
"symbiote onslaught",1198,2,0,6.24943578983153,88,0,0,-0.0270916166709212
"symbiote spider-man",1199,33,2,4.30390467918756,1058,1061,1,-0.0434437486510279
"synn",1200,28,1,5.56042767808952,83,98,0,-0.0632338334662943
"syo hayate",1201,6,19,-1.67870619297772,1130,1237,1,-0.232171436811778
"tabasa",1202,3,20,-3.77049584073787,582,1282,1,-0.137018470534859
"tails",1203,8,20,-1.99543391240935,12,1020,1,-0.602129952272382
"takakazu abe",1204,2,14,-4.24021259191073,1330,1134,0,-0.0740757864090419
"taki",1205,18,12,0.261694819244953,639,446,1,-0.400303992360866
"takobue",1206,6,25,-2.6488001191966,1143,377,1,-0.266155949713186
"takuma.s_xiii",1207,1,31,-5.42713721662404,713,75,0,-0.0542647738457191
"talon",1208,26,1,4.80715470391562,827,660,0,-0.0412847794807548
"tao jun",1209,2,31,-4.05196304599573,707,628,1,-0.0728519355711614
"tapion",1210,11,24,-1.31175461269437,939,1166,1,-0.171943477105207
"tara-gyouza",1211,11,16,0.393295239483514,141,143,1,-0.344579052612976
"tayuya",1212,7,23,-2.87574850066858,265,479,1,-0.322769985444082
"team nicktoon",1213,10,20,-0.437231135910346,349,345,1,-0.522531357552946
"team reimisen",1214,18,1,4.17326781303343,1054,1367,1,-0.0816721550717105
"temari",1215,8,15,-0.464341866978277,274,76,1,-0.225962444788712
"ten",1216,21,11,1.18287557974454,191,1301,1,-0.323528376834847
"tenma-sama",1217,16,0,4.77148099676847,532,0,0,-0.0214072052191001
"tenshi",1218,4,3,2.27958809797112,756,1284,1,-0.369450451338321
"tenshinham",1219,6,33,-2.95755321276419,580,1285,1,-0.214867601877116
"ten-sing",1220,6,21,-1.99200307249235,1125,1281,1,-0.200604439962566
"tensinhan",1221,12,20,-0.572275547869692,1174,916,1,-0.371590055780231
"tenten",1222,12,18,-0.897599229425349,682,471,1,-0.152940907362496
"terry",1223,13,38,-2.43601263856683,884,210,1,-0.402213188276357
"terry bogard",1224,23,1,3.18094631150558,1099,280,1,-0.0577127066587344
"tessa",1225,12,0,7.14918966710603,730,0,0,-0.0327449770550153
"test a.i.",1226,9,12,-0.260231855873996,1030,1268,1,-0.270094831446276
"tetsuo",1227,4,32,-2.86068214920239,317,991,1,-0.114714541048889
"tetuwo",1228,5,25,-3.02207967475149,392,3,1,-0.304683605790906
"tewi_inaba",1229,1,9,-4.30011624669487,1177,726,0,-0.0705303207830515
"thanos",1230,10,2,3.55456402905302,568,258,0,-0.0564368610928967
"thanoseid",1231,21,21,0.653278146903428,959,602,1,-0.225521589247876
"t.hawk",1232,6,17,-2.83372725307039,1136,75,1,-0.396159405576431
"the atom",1233,25,8,1.659700491307,813,1157,1,-0.40537310548728
"the blob",1234,32,4,3.43125181155641,1048,368,1,-0.117397281090255
"the dazzler",1235,34,7,2.55710782771113,1305,695,1,-0.195273219717591
"the flash",1236,30,6,4.20047035658526,879,933,1,-0.213632444695172
"the joker",1237,30,57,-1.23288745897698,1023,821,1,-0.286410041645751
"the nightmare",1238,9,21,-3.21467794083832,359,690,1,-0.661711897763776
"the thing",1239,59,27,1.91654924544656,1377,884,1,-0.376369202679657
"thierry henry",1240,2,29,-4.54140634205073,1296,348,1,-0.182275930812779
"think",1241,2,32,-3.99387769397214,808,555,1,-0.175785994567497
"thor",1242,21,5,2.88039477247034,137,325,1,-0.186636015631469
"thunder megazord",1243,2,24,-4.57759318900421,1121,210,1,-0.150579178849059
"tibigintou",1244,5,19,-2.98048411604721,11,1254,1,-0.156721738542069
"tien",1245,30,17,0.433432971733451,114,385,1,-0.266334166248694
"tifa lockhart",1246,4,6,0.047231120455087,884,968,1,-0.167294345919385
"tiger",1247,5,12,-1.43324825543693,738,163,1,-0.130442516465455
"timmy turner",1248,7,27,-3.14041111885034,40,563,1,-0.287995725057492
"tin's fernandeath",1249,21,11,1.06882693983325,474,313,1,-0.231740245405552
"tizoc",1250,25,9,1.45963655297131,1091,325,1,-0.197194797376509
"t. kawk",1251,33,6,3.43209427478316,545,296,1,-0.213933170128178
"toki",1252,4,26,-3.42498440793405,184,154,1,-0.238218826719754
"tokiko",1253,0,2,-3.1803712000773,0,899,0,-0.0157052009603942
"toramaru syou",1254,3,15,-2.70335782013173,271,595,1,-0.154981435874482
"toron",1255,28,11,1.13487218027371,204,1306,1,-0.238147096018509
"trevor spacer",1256,16,24,-1.63231426405323,1035,810,1,-0.481809740562241
"tron bonne",1257,42,56,-0.104211859711567,559,637,1,-0.373668420833816
"trouble man",1258,20,13,0.946921076960415,88,125,1,-0.396017064668692
"trunks",1259,20,69,-1.80453862365426,328,443,1,-0.308350457918672
"trunks sb1",1260,0,4,-6.3696949856549,0,383,0,-0.0288232708039672
"trunks ssj4",1261,9,16,-0.195497143744425,423,731,1,-0.182450297447716
"tsugumi",1262,19,10,0.818777066776814,489,1216,1,-0.159952359139186
"tung fu rue",1263,17,26,-0.753457174544851,1038,1370,1,-0.28032242209285
"turles",1264,1,2,-2.49656901481522,277,927,1,-0.392427809115713
"tyouunn-shiryu",1265,13,21,-1.66006334059753,189,5,1,-0.237008510903384
"ubu",1266,19,5,1.81524123029686,537,990,1,-0.229868822941728
"uesugi kensin",1267,2,11,-2.59051062925444,1070,1248,1,-0.255699062065301
"ukitake",1268,9,14,-0.508431852699836,1226,1143,1,-0.219593853867365
"ultimate cap",1269,25,12,0.908761822503137,604,561,1,-0.384262867498203
"ultimate-gohan",1270,0,10,-4.67714154564999,0,1395,0,-0.0214304680499935
"ultimat goku",1271,15,6,0.835433232719927,1178,259,1,-0.484087657056832
"ultraman",1272,13,13,-0.219611125292574,835,1097,1,-0.193384614321533
"ultra ssj5 vegeta",1273,18,8,1.41856014706508,900,774,1,-0.154863288802915
"ultron",1274,22,3,3.89199841018096,890,1023,1,-0.198959278738854
"unknown",1275,13,13,-0.379928372864045,1269,1053,1,-0.27883871038634
"unzan&ichirin",1276,15,1,4.68686117276144,520,730,1,-0.0654715169932618
"uppercut",1277,23,6,3.30876075209026,1075,910,1,-0.283126135431486
"uryuu",1278,2,25,-4.15450900987897,702,854,1,-0.0865771486854122
"usapi-",1279,22,10,1.49012575538999,1023,1091,1,-0.214399895650484
"utsuho reiuji",1280,5,5,1.61750258573419,756,970,1,-0.236757138601018
"uzumaki naruto",1281,8,23,-2.56324107174011,1322,80,1,-0.305058199636875
"v.akiha",1282,6,24,-2.92511700117931,1047,1094,1,-0.33557105519064
"vanessa",1283,23,5,2.24610086076849,1073,343,1,-0.360760280028343
"vanilla h",1284,20,8,2.2970054102783,86,171,1,-0.211685502159053
"vanilla ice",1285,13,49,-2.55453100316585,1364,354,1,-0.256453469044495
"varnage",1286,25,2,3.8762311878358,1027,1367,1,-0.0925335341914593
"vega",1287,31,93,-2.10265212713242,943,413,1,-0.217947270257085
"vegeta",1288,87,69,0.430544480863703,57,1165,1,-0.410446859806386
"vegeta normal 2",1289,2,10,-2.42283995228455,895,1002,1,-0.220817278849379
"vegeta normal 3",1290,3,0,2.01323505955835,927,0,0,-0.00954220107673153
"vegeta sb1",1291,0,21,-4.75922775830777,0,522,0,-0.0215908965907487
"vegeta ssj1",1292,4,50,-5.11068496701131,176,193,1,-0.211414623425042
"vegeta ssj3",1293,26,11,1.44183267803471,1131,366,1,-0.24089691895827
"vegeta ssj4",1294,2,8,-2.27358484181631,1148,1237,1,-0.288889052341539
"vegeta ssj5",1295,24,16,1.34787139411617,1131,1316,1,-0.396259886752121
"vegeta ultra ssj",1296,8,24,-1.89440791397958,238,1240,1,-0.525686484009593
"vegeth@",1297,5,2,1.75417421341859,262,396,1,-0.33697522127899
"vegeth ssj2",1298,3,2,1.7429033701125,774,325,1,-0.310824753745259
"vegetto ex",1299,0,7,-4.35402061810808,0,112,0,-0.0206504362948491
"vegettossj3",1300,1,4,-1.52416714486229,1282,710,1,-0.0957450755692759
"venom",1301,23,42,-0.771566943257433,1216,420,1,-0.288015008395361
"venom scorpion",1302,20,17,0.29386378834475,1271,142,1,-0.206827545286412
"venon",1303,0,1,-3.39599265900326,0,619,0,-0.0146974655854322
"vergil",1304,28,6,2.61001927667438,589,1258,1,-0.285800095549701
"vertigo",1305,23,4,3.3029524445861,1027,1288,1,-0.27253918541385
"vice",1306,20,19,0.635860052526447,56,905,1,-0.427478022043666
"victor",1307,7,6,-1.29300630266396,176,765,1,-0.216781376597055
"videl",1308,12,17,-1.18438092966436,336,838,1,-0.27307734131189
"violent dan",1309,26,7,2.43361925647127,661,910,1,-0.242379166414146
"visbou",1310,1,31,-5.23784883978257,740,91,0,-0.0553068651846502
"vita",1311,6,5,0.962334868960658,1000,719,1,-0.214374593619404
"viuda negra",1312,10,23,-1.65590619061797,577,80,1,-0.267758636678634
"vivi_ornitier",1313,10,3,2.97909673234379,1383,290,1,-0.339460550479918
"void",1314,23,6,2.99846387377448,1189,652,1,-0.277449186669948
"vulture",1315,7,7,-0.340429000695633,589,1215,1,-0.386791712205078
"waha-",1316,16,15,-0.270176137908963,1295,596,1,-0.303208155739201
"wakko",1317,22,14,0.966207029779702,28,1139,1,-0.328161417279734
"walkyrie",1318,23,9,0.800104779488571,1003,227,1,-0.220115845644715
"warachia",1319,25,9,1.97462682818515,913,267,1,-0.220692336272195
"warakia",1320,29,1,4.25365055949768,278,1048,1,-0.0943166246074887
"wario",1321,11,16,-0.597205546550525,436,339,1,-0.36660729296227
"warmachine",1322,26,35,-0.275927626284142,960,298,1,-0.756548667170675
"war machine",1323,7,18,-1.39903197789031,355,650,1,-0.274175109150479
"well",1324,30,3,3.53965571579852,532,949,1,-0.0788018840003423
"white len",1325,7,18,-2.36343681274778,742,40,1,-0.274805639785964
"white ranger",1326,5,25,-3.29740944655082,145,1341,1,-0.238155497172454
"wildcat",1327,9,27,-1.86669858817522,176,1046,1,-0.18321481495676
"wild ken ex",1328,22,9,1.63369432195218,722,533,1,-0.285388443768203
"wind",1329,4,27,-3.42742302428897,493,350,1,-0.164499026756071
"windows me",1330,0,39,-5.43787920111409,0,1204,0,-0.0252424618391673
"wing zero",1331,20,14,1.49315455259776,736,502,1,-0.305759260377012
"winnie the pooh",1332,6,26,-2.49116017873402,1155,663,1,-0.27002292736771
"w len ar",1333,10,22,-2.13096177919451,492,373,1,-0.285645407118652
"wolvenom",1334,9,28,-2.17169424716694,184,1118,1,-0.199002783965421
"wolverine",1335,29,5,1.9122076743861,1098,1017,1,-0.137194888159885
"wonderman",1336,24,6,2.14423689761725,872,811,1,-0.248342302661154
"wonder woman",1337,43,16,2.24725850192075,842,395,1,-0.405353061305061
"wriggle",1338,3,16,-3.79334525443691,1118,972,1,-0.241216382691815
"x",1339,8,31,-2.2177926845801,155,491,1,-0.207423259500372
"xanmi chan",1340,3,29,-4.84820720378034,399,1123,1,-0.287332619144545
"xp(pro)",1341,6,30,-3.10136724134823,1047,1015,1,-0.314811254951543
"yagumo",1342,6,19,-1.51371116909793,1392,433,1,-0.227386968724999
"yakui san",1343,0,31,-6.12290472103149,0,618,0,-0.0332206565973524
"yamame",1344,14,3,2.7771599496767,282,1337,1,-0.175550940075944
"yamazaki 71113",1345,25,5,1.69195145706997,190,38,1,-0.139177624669643
"yamcha",1346,0,6,-3.36847195995514,0,1136,0,-0.0160879760860804
"yamcha by tomur",1347,18,8,1.97381156592761,584,1186,1,-0.394308500362765
"yamiyuki",1348,1,39,-5.3360223921982,1373,1292,0,-0.0366522134745508
"yang",1349,10,10,1.1920332339873,688,999,1,-0.227771544379419
"yashaoh",1350,10,22,-1.17796429000276,483,1114,1,-0.176663000102229
"yatogi tetsu",1351,11,20,-0.683218666938488,1188,332,1,-0.145003660812266
"yayoi",1352,0,3,-4.82045374924031,0,1024,0,-0.022048244154996
"yellow devil",1353,15,16,-0.144048511612111,1385,471,1,-0.278995115505145
"yellow-pipo",1354,3,35,-4.25361547525905,579,867,1,-0.103582654309221
"yoh",1355,11,20,-1.80972175654899,235,248,1,-0.262956212127661
"yoko yuki",1356,24,16,1.40440967974706,934,1394,1,-0.291556573537478
"yoshikage killa",1357,2,29,-5.07507313197371,618,430,0,-0.0627780647657865
"youmu konpaku",1358,17,2,4.16691331227585,1234,914,1,-0.139574278810047
"youtube poop robotnik",1359,7,7,-0.807467973119582,1263,460,1,-0.32746599127596
"yue",1360,38,9,3.18223230156359,322,355,1,-0.278873149344614
"yukari_swr",1361,16,0,4.85144631473114,359,0,0,-0.0225742912559947
"yukari yakumo",1362,16,4,3.22292439823917,908,55,1,-0.229954634047473
"yuka takeuchi",1363,7,3,2.29059569962286,262,568,1,-0.197275435480772
"yuki",1364,20,24,-1.66158682011579,265,1219,1,-0.393513541005366
"yuki in midday",1365,10,29,-2.00173285590562,505,1287,1,-0.177845635928103
"yumeji kurokouchi",1366,14,12,0.504995607688722,252,1385,1,-0.27599248865362
"yumemi",1367,22,2,4.4849296878997,1214,1058,1,-0.123862351113204
"yumi",1368,12,16,-0.995839565237499,448,54,1,-0.261591422884055
"yun",1369,17,2,5.65325755718154,573,760,1,-0.222712585982404
"yuri di aaaaaaa",1370,8,20,-1.15344342915244,627,309,1,-0.299032292340208
"yuriesbyfe",1371,14,14,-1.19641643508855,33,1155,1,-0.267971078420236
"yurika kirishima",1372,20,2,3.54000968379121,1074,368,1,-0.126696576972927
"yuri sakazaki",1373,0,13,-7.00820940181136,0,1348,0,-0.0307830248258642
"yusuke",1374,0,1,-2.2566306556604,0,813,0,-0.0113868407624843
"yuugi",1375,4,12,-1.13992172350592,1221,1223,1,-0.246192665004556
"yuuka kazami",1376,17,3,3.08048273561627,352,214,1,-0.239497247599961
"yuyuko saigyouji",1377,15,4,3.14048556501779,28,1239,1,-0.23309549445115
"yuyuko & youmu",1378,12,0,6.75603963090934,242,0,0,-0.0319423322727667
"zabuza",1379,8,13,-1.02555068198841,721,1312,1,-0.291297228493702
"zaku",1380,7,44,-2.73343332790476,336,987,1,-0.256668827683736
"zangia",1381,4,3,-2.27434303838047,1129,472,1,-0.453497827999272
"zangief",1382,6,7,0.189529700016038,1271,191,1,-0.153034698663228
"zangief sf4",1383,13,3,2.807037121566,868,1313,1,-0.146977953749614
"zangya",1384,10,22,-1.44141823192433,82,112,1,-0.184428169707483
"zangyura",1385,16,11,0.658198053904779,171,921,1,-0.33744780117206
"zantetsu",1386,11,15,0.275370066424306,299,148,1,-0.270434546952062
"zappa",1387,27,6,2.24287355564986,736,1076,1,-0.231114986641921
"zarbom",1388,1,25,-3.59112629106258,950,663,1,-0.0791491973450254
"zatanna",1389,9,20,-0.794686700588804,315,1392,1,-0.250789145245449
"zeeky h. bomb",1390,28,0,4.611228911818,583,0,0,-0.0215255085807297
"zemial",1391,2,29,-3.12881968213296,969,184,1,-0.121001538275403
"zero",1392,43,52,-0.751368468122512,399,1341,1,-0.286182753239868
"zero hotaru",1393,2,0,5.17140852578593,863,0,0,-0.0242295670460274
"zeroko",1394,13,14,-0.271113796236526,764,79,1,-0.816516881679234
"zero svc",1395,9,22,-2.63203001816463,1047,1292,1,-0.37383174487378
"zettaiaku",1396,5,28,-2.46965274374002,385,288,1,-0.283653481453702
"zidane",1397,1,30,-5.03288385700951,301,1066,1,-0.0645517194696312
"zinc",1398,20,7,1.96089959777151,665,262,1,-0.330517099982369
"zombie",1399,9,5,0.0414522657216455,76,1386,1,-0.229640857529949
